user_id,amount,timestamp,distance,device_risk_score,merchant_risk_score,account_created_at,failed,device_id,merchant,label
user_34,288.3382566973601,2026-03-04T15:28:50.019145,1.8953078290797047,0.0,0.1,2025-10-18T15:28:50.019145,0,device_98,Crypto,0
user_49,424.15018074426905,2026-03-04T15:41:15.019145,1.3349235793036556,0.0,0.1,2025-10-28T15:41:15.019145,0,device_3,Grocery,0
user_27,96.00330673640059,2026-03-04T15:40:59.019145,4.359418132572606,0.0,0.1,2023-06-14T15:40:59.019145,0,device_70,Grocery,0
user_32,356.01471104392766,2026-03-04T15:29:59.019145,3.979019777185936,0.0,0.1,2025-03-30T15:29:59.019145,0,device_94,Dining,0
user_38,217.25536672825575,2026-03-04T15:53:24.019145,3.419870916309759,0.0,0.1,2023-08-15T15:53:24.019145,0,device_95,Dining,0
user_42,173.8013571055229,2026-03-04T15:40:19.019145,0.5952045002626499,0.0,0.1,2024-11-05T15:40:19.019145,0,device_36,Luxury,0
user_47,498.43729447677566,2026-03-04T16:25:40.019145,3.368497508605231,0.0,0.1,2025-04-07T16:25:40.019145,0,device_86,Dining,0
user_36,394.3894733918096,2026-03-04T16:22:22.019145,0.7133423395051197,0.0,0.1,2025-02-21T16:22:22.019145,0,device_34,Electronics,0
user_27,365.96818264849145,2026-03-04T15:51:14.019145,4.4205455093011405,0.0,0.1,2024-04-25T15:51:14.019145,0,device_10,Crypto,0
user_10,148.59997247705797,2026-03-04T16:22:27.019145,3.521706289031183,0.0,0.1,2024-12-21T16:22:27.019145,0,device_19,Grocery,0
user_28,496.8931817627106,2026-03-04T16:15:00.019145,0.8482930585895437,0.0,0.1,2025-10-12T16:15:00.019145,0,device_96,Grocery,0
user_35,370.61532999947764,2026-03-04T16:02:32.019145,4.240476462067854,0.0,0.1,2023-07-31T16:02:32.019145,0,device_25,Dining,0
user_31,228.5687325474783,2026-03-04T15:41:25.019145,2.3328066299260475,0.0,0.1,2026-01-26T15:41:25.019145,0,device_58,Grocery,0
user_48,70.56210190065973,2026-03-04T16:11:12.019145,1.978111721102425,0.0,0.1,2023-08-30T16:11:12.019145,0,device_18,Luxury,0
user_35,302.34667553358224,2026-03-04T16:16:13.019145,3.8201398526995267,0.0,0.1,2025-08-12T16:16:13.019145,0,device_45,Travel,0
user_38,105.92061846485791,2026-03-04T16:08:59.019145,2.819932168361368,0.0,0.1,2024-07-28T16:08:59.019145,0,device_67,Grocery,0
user_28,232.22132842869746,2026-03-04T16:14:18.019145,2.178531700459851,0.0,0.1,2023-08-14T16:14:18.019145,0,device_87,Travel,0
user_43,218.57632907261217,2026-03-04T15:51:01.019145,3.979446333889362,0.0,0.1,2025-05-05T15:51:01.019145,0,device_58,Electronics,0
user_14,243.2701363026838,2026-03-04T15:34:06.019145,1.8002923011561407,0.0,0.1,2025-01-01T15:34:06.019145,0,device_45,Travel,0
user_49,463.8954616189162,2026-03-04T16:08:40.019145,0.16011581469675296,0.0,0.1,2024-04-21T16:08:40.019145,0,device_62,Travel,0
user_0,86.71637568699893,2026-03-04T15:28:09.019145,2.4948783233693734,0.0,0.1,2024-08-29T15:28:09.019145,0,device_73,Grocery,0
user_26,278.91913914081385,2026-03-04T16:14:33.019145,4.485572494826903,0.0,0.1,2024-07-18T16:14:33.019145,0,device_10,Dining,0
user_27,289.3610212604831,2026-03-04T16:20:28.019145,1.0785476573321184,0.0,0.1,2023-07-02T16:20:28.019145,0,device_6,Travel,0
user_26,181.46619127026602,2026-03-04T15:41:57.019145,2.8047804945542323,0.0,0.1,2024-05-26T15:41:57.019145,0,device_21,Crypto,0
user_1,162.76888943355002,2026-03-04T15:44:23.019145,1.6957028380134653,0.0,0.1,2025-05-03T15:44:23.019145,0,device_16,Travel,0
user_46,73.25896206704037,2026-03-04T16:15:40.019145,4.294026554035504,0.0,0.1,2023-09-12T16:15:40.019145,0,device_74,Travel,0
user_30,154.70923597363526,2026-03-04T16:06:44.019145,3.963895878835577,0.0,0.1,2026-01-29T16:06:44.019145,0,device_17,Travel,0
user_47,416.75085565275543,2026-03-04T15:33:53.019145,1.5349976663635845,0.0,0.1,2023-10-01T15:33:53.019145,0,device_71,Grocery,0
user_41,166.64931532723458,2026-03-04T16:22:16.019145,2.1928864760008344,0.0,0.1,2025-06-27T16:22:16.019145,0,device_83,Electronics,0
user_37,101.539714677433,2026-03-04T16:07:46.019145,2.2327984727662,0.0,0.1,2025-02-16T16:07:46.019145,0,device_37,Grocery,0
user_10,164.83551801680426,2026-03-04T16:07:21.019145,4.2678012974626895,0.0,0.1,2025-09-12T16:07:21.019145,0,device_34,Travel,0
user_26,455.72227242314045,2026-03-04T15:44:41.019145,4.168779056196755,0.0,0.1,2024-12-13T15:44:41.019145,0,device_67,Crypto,0
user_43,420.00335498011265,2026-03-04T16:25:30.019145,3.4449630678962277,0.0,0.1,2023-08-21T16:25:30.019145,0,device_48,Electronics,0
user_24,382.67143058399773,2026-03-04T15:34:21.019145,0.07095992239264048,0.0,0.1,2024-12-19T15:34:21.019145,0,device_7,Electronics,0
user_12,348.5627720090134,2026-03-04T16:05:57.019145,4.5773739509323415,0.0,0.1,2025-04-26T16:05:57.019145,0,device_5,Luxury,0
user_37,98.29722403563241,2026-03-04T15:52:18.019145,0.22912369506263297,0.0,0.1,2024-02-18T15:52:18.019145,0,device_37,Crypto,0
user_44,375.08783677403363,2026-03-04T16:05:09.019145,3.1740346661740655,0.0,0.1,2025-03-15T16:05:09.019145,0,device_69,Crypto,0
user_28,265.9076568667739,2026-03-04T15:52:11.019145,4.087814423027452,0.0,0.1,2023-07-28T15:52:11.019145,0,device_55,Travel,0
user_29,90.08486316022565,2026-03-04T16:03:07.019145,2.8091922482031615,0.0,0.1,2025-04-06T16:03:07.019145,0,device_19,Crypto,0
user_14,284.8285298077177,2026-03-04T16:03:55.019145,2.88248309666319,0.0,0.1,2024-09-24T16:03:55.019145,0,device_92,Grocery,0
user_16,476.38626910716613,2026-03-04T16:06:22.019145,1.553247467512608,0.0,0.1,2025-10-08T16:06:22.019145,0,device_39,Grocery,0
user_44,142.54967601692033,2026-03-04T15:51:52.019145,3.731436678450648,0.0,0.1,2025-07-04T15:51:52.019145,0,device_85,Dining,0
user_7,338.74667220727576,2026-03-04T16:18:58.019145,2.697991996312325,0.0,0.1,2025-05-09T16:18:58.019145,0,device_14,Luxury,0
user_2,114.21883160377179,2026-03-04T16:21:19.019145,3.8124979944408803,0.0,0.1,2025-09-25T16:21:19.019145,0,device_14,Electronics,0
user_38,263.9100667704988,2026-03-04T15:58:17.019145,3.5288589512995965,0.0,0.1,2025-03-21T15:58:17.019145,0,device_38,Electronics,0
user_10,415.34596835119015,2026-03-04T16:17:00.019145,3.231683567664329,0.0,0.1,2025-07-04T16:17:00.019145,0,device_98,Luxury,0
user_49,362.7969135749177,2026-03-04T15:41:41.019145,4.028430601344109,0.0,0.1,2024-04-03T15:41:41.019145,0,device_32,Electronics,0
user_19,350.52022850729344,2026-03-04T15:50:26.019145,4.281304916165797,0.0,0.1,2025-08-30T15:50:26.019145,0,device_67,Electronics,0
user_14,360.7195227057179,2026-03-04T15:56:07.019145,2.3799439780373417,0.0,0.1,2023-08-17T15:56:07.019145,0,device_35,Travel,0
user_12,56.83323815923234,2026-03-04T15:45:21.019145,4.515932139134971,0.0,0.1,2024-05-18T15:45:21.019145,0,device_0,Dining,0
user_37,245.23783705045966,2026-03-04T15:33:31.019145,1.5182165286225369,0.0,0.1,2025-02-27T15:33:31.019145,0,device_94,Grocery,0
user_14,481.95153142253326,2026-03-04T16:18:04.019145,4.624849289476056,0.0,0.1,2024-04-05T16:18:04.019145,0,device_79,Travel,0
user_11,430.7460806748684,2026-03-04T16:01:36.019145,2.7983492724188808,0.0,0.1,2026-01-16T16:01:36.019145,0,device_91,Electronics,0
user_20,269.21084732771396,2026-03-04T15:40:03.019145,2.2445889682442526,0.0,0.1,2023-10-23T15:40:03.019145,0,device_21,Luxury,0
user_44,141.88186720007036,2026-03-04T15:38:49.019145,4.499613500063705,0.0,0.1,2023-09-24T15:38:49.019145,0,device_30,Luxury,0
user_37,412.8494438802676,2026-03-04T15:46:13.019145,2.3880066064300993,0.0,0.1,2025-08-21T15:46:13.019145,0,device_67,Grocery,0
user_12,98.68825065360754,2026-03-04T15:33:58.019145,4.5067936423556185,0.0,0.1,2025-06-24T15:33:58.019145,0,device_84,Dining,0
user_18,313.720251524374,2026-03-04T16:06:59.019145,0.6908297360567511,0.0,0.1,2024-09-04T16:06:59.019145,0,device_94,Luxury,0
user_44,84.59097845100865,2026-03-04T16:14:17.019145,2.0089355791766006,0.0,0.1,2025-12-15T16:14:17.019145,0,device_74,Crypto,0
user_10,367.4898929413904,2026-03-04T16:15:30.019145,4.977121753566383,0.0,0.1,2024-08-31T16:15:30.019145,0,device_63,Luxury,0
user_36,162.59552284848908,2026-03-04T15:31:18.019145,0.031167939457317217,0.0,0.1,2023-11-14T15:31:18.019145,0,device_89,Luxury,0
user_20,340.1283175211933,2026-03-04T16:23:20.019145,2.0951401057577277,0.0,0.1,2024-01-04T16:23:20.019145,0,device_93,Grocery,0
user_46,276.46735645253364,2026-03-04T16:03:31.019145,3.686850232032098,0.0,0.1,2024-01-07T16:03:31.019145,0,device_6,Electronics,0
user_44,202.37786947901208,2026-03-04T16:09:13.019145,2.063244567977589,0.0,0.1,2025-08-13T16:09:13.019145,0,device_77,Luxury,0
user_14,145.47240582257535,2026-03-04T16:19:11.019145,1.681373882497098,0.0,0.1,2023-08-11T16:19:11.019145,0,device_73,Electronics,0
user_39,446.71874961613304,2026-03-04T16:18:20.019145,4.418205167925969,0.0,0.1,2024-05-07T16:18:20.019145,0,device_63,Dining,0
user_47,450.51960952816125,2026-03-04T15:52:18.019145,4.860929969941913,0.0,0.1,2025-09-01T15:52:18.019145,0,device_40,Dining,0
user_24,342.42626971010924,2026-03-04T16:23:41.019145,3.921314658123612,0.0,0.1,2025-04-04T16:23:41.019145,0,device_64,Crypto,0
user_36,260.9162070912595,2026-03-04T15:45:37.019145,3.6530061986847198,0.0,0.1,2025-10-14T15:45:37.019145,0,device_80,Grocery,0
user_49,332.77533211823845,2026-03-04T16:24:51.019145,2.3368906623199575,0.0,0.1,2025-06-21T16:24:51.019145,0,device_93,Dining,0
user_6,156.03771146341938,2026-03-04T16:18:13.019145,1.8250858667914467,0.0,0.1,2024-08-20T16:18:13.019145,0,device_46,Crypto,0
user_23,423.46067769588444,2026-03-04T15:55:34.019145,3.226771104028394,0.0,0.1,2024-06-23T15:55:34.019145,0,device_19,Electronics,0
user_26,78.98377730389842,2026-03-04T15:48:09.019145,0.5766717669335075,0.0,0.1,2023-07-20T15:48:09.019145,0,device_25,Crypto,0
user_25,73.31406745135386,2026-03-04T16:03:49.019145,4.657612677246343,0.0,0.1,2024-12-07T16:03:49.019145,0,device_98,Luxury,0
user_36,81.37078820989223,2026-03-04T15:35:21.019145,1.571910732985411,0.0,0.1,2024-01-01T15:35:21.019145,0,device_61,Crypto,0
user_18,164.29179079449113,2026-03-04T16:05:15.019145,2.3831927427041903,0.0,0.1,2024-11-27T16:05:15.019145,0,device_37,Travel,0
user_12,150.54985934693008,2026-03-04T16:14:53.019145,3.0121470479088437,0.0,0.1,2025-07-21T16:14:53.019145,0,device_18,Luxury,0
user_5,421.2788137386048,2026-03-04T15:37:00.019145,4.214949162271205,0.0,0.1,2024-10-23T15:37:00.019145,0,device_10,Dining,0
user_1,317.8807315106394,2026-03-04T16:05:04.019145,4.831693778306902,0.0,0.1,2025-08-12T16:05:04.019145,0,device_56,Crypto,0
user_35,374.54820467627553,2026-03-04T15:53:32.019145,1.6992298618915846,0.0,0.1,2025-10-25T15:53:32.019145,0,device_97,Dining,0
user_10,219.6144094373271,2026-03-04T15:59:54.019145,1.0079007732123157,0.0,0.1,2024-04-25T15:59:54.019145,0,device_69,Electronics,0
user_11,60.09532565642656,2026-03-04T15:53:22.019145,4.594942344226095,0.0,0.1,2025-11-09T15:53:22.019145,0,device_1,Crypto,0
user_1,410.5962309985561,2026-03-04T16:19:00.019145,0.6962668783092629,0.0,0.1,2025-06-05T16:19:00.019145,0,device_49,Crypto,0
user_38,204.69039552769482,2026-03-04T15:44:27.019145,1.0383392695163725,0.0,0.1,2025-11-09T15:44:27.019145,0,device_45,Travel,0
user_15,242.40974029700197,2026-03-04T16:10:20.019145,1.4690977528800957,0.0,0.1,2024-02-25T16:10:20.019145,0,device_0,Dining,0
user_43,471.24300356505614,2026-03-04T16:16:44.019145,3.1966332660520322,0.0,0.1,2024-04-19T16:16:44.019145,0,device_45,Luxury,0
user_39,403.22428078906364,2026-03-04T16:03:55.019145,1.6364201991683243,0.0,0.1,2024-03-15T16:03:55.019145,0,device_16,Dining,0
user_20,424.9160172395231,2026-03-04T16:03:40.019145,1.5259721739115184,0.0,0.1,2023-09-12T16:03:40.019145,0,device_60,Grocery,0
user_43,143.44702877114705,2026-03-04T16:15:01.019145,4.7824770553740805,0.0,0.1,2025-11-26T16:15:01.019145,0,device_74,Luxury,0
user_40,305.98063007800465,2026-03-04T15:49:52.019145,2.937225242255603,0.0,0.1,2024-12-03T15:49:52.019145,0,device_55,Luxury,0
user_45,256.5203412927248,2026-03-04T15:48:56.019145,1.9769225766338754,0.0,0.1,2025-06-11T15:48:56.019145,0,device_2,Grocery,0
user_1,109.9181912876689,2026-03-04T15:42:22.019145,0.5233555016768243,0.0,0.1,2025-09-25T15:42:22.019145,0,device_56,Dining,0
user_7,64.00109597893399,2026-03-04T15:57:44.019145,1.0458279471331455,0.0,0.1,2024-02-16T15:57:44.019145,0,device_63,Crypto,0
user_16,325.9223305826625,2026-03-04T16:23:14.019145,0.9531013949078709,0.0,0.1,2024-09-23T16:23:14.019145,0,device_1,Electronics,0
user_47,441.15872194343734,2026-03-04T16:15:08.019145,3.201200438582843,0.0,0.1,2024-04-15T16:15:08.019145,0,device_42,Travel,0
user_32,356.39700613940374,2026-03-04T15:31:50.019145,4.798353927027001,0.0,0.1,2025-04-26T15:31:50.019145,0,device_9,Travel,0
user_24,221.29878090404014,2026-03-04T15:56:04.019145,1.1995531730045643,0.0,0.1,2025-04-13T15:56:04.019145,0,device_73,Travel,0
user_32,446.20113587135864,2026-03-04T16:17:22.019145,3.472095596171045,0.0,0.1,2024-05-06T16:17:22.019145,0,device_90,Travel,0
user_11,391.32681660087724,2026-03-04T15:33:15.019145,4.620250804972405,0.0,0.1,2023-12-31T15:33:15.019145,0,device_64,Travel,0
user_21,449.57069344776374,2026-03-04T16:03:07.019145,4.796822128073627,0.0,0.1,2024-03-22T16:03:07.019145,0,device_17,Travel,0
user_22,195.16683617525246,2026-03-04T15:38:30.019145,4.757503505622288,0.0,0.1,2024-09-23T15:38:30.019145,0,device_12,Grocery,0
user_35,320.24440929862806,2026-03-04T15:42:40.019145,4.734620741421157,0.0,0.1,2025-02-11T15:42:40.019145,0,device_71,Grocery,0
user_22,70.93454275426573,2026-03-04T15:46:41.019145,3.012547917735493,0.0,0.1,2025-07-02T15:46:41.019145,0,device_8,Luxury,0
user_25,304.04865532875647,2026-03-04T16:10:55.019145,4.416919548345397,0.0,0.1,2024-05-20T16:10:55.019145,0,device_65,Dining,0
user_12,326.33993128617027,2026-03-04T15:31:52.019145,0.6674967561670997,0.0,0.1,2024-10-09T15:31:52.019145,0,device_91,Luxury,0
user_20,194.10810111512797,2026-03-04T16:25:52.019145,2.456749064680364,0.0,0.1,2024-11-08T16:25:52.019145,0,device_75,Grocery,0
user_45,176.2323523369447,2026-03-04T15:56:29.019145,0.05441146078278336,0.0,0.1,2023-09-10T15:56:29.019145,0,device_59,Luxury,0
user_49,191.2521563271153,2026-03-04T15:32:02.019145,4.6732910496271955,0.0,0.1,2023-08-16T15:32:02.019145,0,device_9,Crypto,0
user_12,244.18082823591593,2026-03-04T15:51:34.019145,2.598104860884001,0.0,0.1,2025-07-28T15:51:34.019145,0,device_8,Grocery,0
user_9,90.17776361111925,2026-03-04T15:39:04.019145,0.029965832157757832,0.0,0.1,2024-06-07T15:39:04.019145,0,device_59,Travel,0
user_4,67.34566805844419,2026-03-04T15:44:04.019145,4.982503512891892,0.0,0.1,2025-01-09T15:44:04.019145,0,device_90,Dining,0
user_4,401.2357815188861,2026-03-04T16:21:03.019145,3.8122485170340266,0.0,0.1,2023-09-09T16:21:03.019145,0,device_87,Electronics,0
user_0,264.66961758578736,2026-03-04T15:52:52.019145,0.3989209518507497,0.0,0.1,2025-09-25T15:52:52.019145,0,device_28,Travel,0
user_1,231.80088543411745,2026-03-04T16:14:55.019145,4.029326732313353,0.0,0.1,2024-01-06T16:14:55.019145,0,device_69,Electronics,0
user_49,461.2924003409678,2026-03-04T16:00:12.019145,2.7843575315070224,0.0,0.1,2024-09-21T16:00:12.019145,0,device_89,Travel,0
user_16,62.826872772673624,2026-03-04T16:18:04.019145,1.9156198279809429,0.0,0.1,2025-09-29T16:18:04.019145,0,device_16,Luxury,0
user_37,435.4500661690347,2026-03-04T15:29:57.019145,2.9173110764340136,0.0,0.1,2024-03-03T15:29:57.019145,0,device_80,Luxury,0
user_22,116.71120818667853,2026-03-04T16:17:29.019145,0.8392128772941049,0.0,0.1,2025-03-05T16:17:29.019145,0,device_35,Luxury,0
user_33,53.30580778262796,2026-03-04T15:57:02.019145,0.882652729443022,0.0,0.1,2024-12-30T15:57:02.019145,0,device_28,Luxury,0
user_7,75.95552004197455,2026-03-04T15:58:01.019145,1.426265286914485,0.0,0.1,2024-02-20T15:58:01.019145,0,device_75,Crypto,0
user_32,122.49284326192603,2026-03-04T15:30:07.019145,3.2508934929504925,0.0,0.1,2025-10-05T15:30:07.019145,0,device_45,Dining,0
user_21,494.9776178096872,2026-03-04T16:08:56.019145,1.1744910675642544,0.0,0.1,2024-11-17T16:08:56.019145,0,device_16,Crypto,0
user_49,171.6697107267892,2026-03-04T16:25:40.019145,1.7466827737802615,0.0,0.1,2025-04-02T16:25:40.019145,0,device_32,Electronics,0
user_39,131.57423546965947,2026-03-04T16:19:25.019145,0.8075382674999804,0.0,0.1,2023-10-01T16:19:25.019145,0,device_60,Crypto,0
user_46,181.18046655747636,2026-03-04T15:56:14.019145,1.106978875555451,0.0,0.1,2023-12-21T15:56:14.019145,0,device_44,Crypto,0
user_19,113.45714940235499,2026-03-04T16:13:44.019145,3.201175583356446,0.0,0.1,2024-12-25T16:13:44.019145,0,device_84,Electronics,0
user_20,442.13569577524623,2026-03-04T15:46:23.019145,1.4426186064882451,0.0,0.1,2025-04-23T15:46:23.019145,0,device_88,Dining,0
user_7,379.6168943301162,2026-03-04T15:40:31.019145,2.200451042481972,0.0,0.1,2024-05-22T15:40:31.019145,0,device_60,Dining,0
user_16,399.1263833438152,2026-03-04T16:17:13.019145,1.0632843296344348,0.0,0.1,2023-09-04T16:17:13.019145,0,device_98,Grocery,0
user_41,285.4011552895644,2026-03-04T15:30:19.019145,3.0598592709770758,0.0,0.1,2025-09-15T15:30:19.019145,0,device_28,Crypto,0
user_23,244.36438871625546,2026-03-04T15:37:33.019145,4.515654966590617,0.0,0.1,2024-10-15T15:37:33.019145,0,device_33,Luxury,0
user_2,179.35841525173882,2026-03-04T15:34:23.019145,2.1817574398503297,0.0,0.1,2024-03-24T15:34:23.019145,0,device_78,Grocery,0
user_15,274.4922552410113,2026-03-04T16:06:30.019145,1.3726580307654124,0.0,0.1,2023-12-10T16:06:30.019145,0,device_29,Luxury,0
user_1,241.5762763142571,2026-03-04T16:23:23.019145,0.6414244925621498,0.0,0.1,2025-05-27T16:23:23.019145,0,device_12,Grocery,0
user_9,319.26206876065714,2026-03-04T15:37:46.019145,3.986876922159034,0.0,0.1,2025-01-07T15:37:46.019145,0,device_50,Grocery,0
user_46,254.46043743783278,2026-03-04T15:27:42.019145,2.092801213058838,0.0,0.1,2024-08-29T15:27:42.019145,0,device_20,Travel,0
user_47,398.91254092092487,2026-03-04T15:37:28.019145,2.5682130613985183,0.0,0.1,2024-03-14T15:37:28.019145,0,device_72,Grocery,0
user_32,492.1802009989202,2026-03-04T15:49:00.019145,2.1126603572419307,0.0,0.1,2024-06-26T15:49:00.019145,0,device_2,Grocery,0
user_47,314.6783608435681,2026-03-04T16:00:48.019145,4.673109746252719,0.0,0.1,2023-11-23T16:00:48.019145,0,device_68,Luxury,0
user_27,118.84780017214288,2026-03-04T15:39:34.019145,3.394735473408491,0.0,0.1,2025-08-31T15:39:34.019145,0,device_73,Grocery,0
user_33,448.5546229432667,2026-03-04T16:19:09.019145,4.723858810721122,0.0,0.1,2024-09-13T16:19:09.019145,0,device_9,Travel,0
user_26,465.205478161091,2026-03-04T15:56:01.019145,4.452250733216339,0.0,0.1,2023-08-01T15:56:01.019145,0,device_41,Luxury,0
user_37,394.82468956679094,2026-03-04T16:20:34.019145,1.7126513458546917,0.0,0.1,2023-11-13T16:20:34.019145,0,device_52,Grocery,0
user_11,168.86409303461,2026-03-04T16:25:30.019145,2.8770776306645245,0.0,0.1,2024-07-24T16:25:30.019145,0,device_42,Electronics,0
user_26,321.2720938416804,2026-03-04T15:53:34.019145,0.046931311986530555,0.0,0.1,2025-06-30T15:53:34.019145,0,device_80,Crypto,0
user_24,305.4285812048247,2026-03-04T16:10:07.019145,2.2474270338772566,0.0,0.1,2024-03-23T16:10:07.019145,0,device_21,Dining,0
user_1,454.16793450021714,2026-03-04T15:47:22.019145,0.9413002385111291,0.0,0.1,2024-03-22T15:47:22.019145,0,device_21,Travel,0
user_47,450.55874680045156,2026-03-04T16:11:19.019145,0.2589815534988976,0.0,0.1,2024-09-21T16:11:19.019145,0,device_59,Travel,0
user_46,256.0371531582677,2026-03-04T15:28:08.019145,0.30125796483539524,0.0,0.1,2025-08-16T15:28:08.019145,0,device_62,Grocery,0
user_40,101.27536379487121,2026-03-04T16:11:44.019145,4.247304710864437,0.0,0.1,2023-06-17T16:11:44.019145,0,device_36,Travel,0
user_38,251.41477891804456,2026-03-04T16:10:42.019145,0.3417940745288994,0.0,0.1,2023-08-02T16:10:42.019145,0,device_69,Electronics,0
user_25,200.77578878206435,2026-03-04T15:29:39.019145,4.419092501194624,0.0,0.1,2025-11-10T15:29:39.019145,0,device_1,Crypto,0
user_32,212.4224705357286,2026-03-04T15:40:10.019145,4.5016555356298635,0.0,0.1,2024-11-17T15:40:10.019145,0,device_69,Electronics,0
user_45,245.5955718259889,2026-03-04T15:45:39.019145,2.8525211055202284,0.0,0.1,2024-01-16T15:45:39.019145,0,device_68,Electronics,0
user_39,198.66509345141972,2026-03-04T15:45:37.019145,3.1513480315012012,0.0,0.1,2025-04-14T15:45:37.019145,0,device_40,Luxury,0
user_43,186.64855389241,2026-03-04T15:41:05.019145,1.8571342116474292,0.0,0.1,2025-02-09T15:41:05.019145,0,device_79,Luxury,0
user_21,155.02543638233504,2026-03-04T16:13:20.019145,4.858792984893303,0.0,0.1,2025-02-11T16:13:20.019145,0,device_64,Luxury,0
user_45,312.1985313965782,2026-03-04T16:02:05.019145,2.170413585076765,0.0,0.1,2025-06-26T16:02:05.019145,0,device_55,Travel,0
user_31,293.23482255574754,2026-03-04T15:30:16.019145,4.315590691953063,0.0,0.1,2024-07-04T15:30:16.019145,0,device_34,Grocery,0
user_36,425.15002361104774,2026-03-04T16:14:54.019145,1.6022771899127135,0.0,0.1,2025-03-24T16:14:54.019145,0,device_93,Dining,0
user_46,99.69616448935132,2026-03-04T15:39:10.019145,2.940795301197197,0.0,0.1,2025-05-22T15:39:10.019145,0,device_52,Electronics,0
user_44,497.91510310530583,2026-03-04T15:32:01.019145,0.6271234503739798,0.0,0.1,2023-12-21T15:32:01.019145,0,device_12,Grocery,0
user_25,436.56636210279106,2026-03-04T16:00:49.019145,3.2855058852820602,0.0,0.1,2025-07-03T16:00:49.019145,0,device_40,Grocery,0
user_18,235.62037330038305,2026-03-04T15:48:19.019145,0.9137460913278361,0.0,0.1,2025-07-25T15:48:19.019145,0,device_75,Travel,0
user_38,162.31273496480583,2026-03-04T16:25:04.019145,0.425761728698939,0.0,0.1,2023-08-20T16:25:04.019145,0,device_4,Travel,0
user_26,278.0051791354162,2026-03-04T16:17:57.019145,2.024847290533071,0.0,0.1,2024-05-08T16:17:57.019145,0,device_70,Electronics,0
user_18,430.95554373764276,2026-03-04T15:39:53.019145,0.294140839514645,0.0,0.1,2024-08-04T15:39:53.019145,0,device_9,Electronics,0
user_3,146.19082905290918,2026-03-04T16:25:56.019145,2.516277754954002,0.0,0.1,2024-02-20T16:25:56.019145,0,device_97,Electronics,0
user_7,321.2581741731579,2026-03-04T16:01:26.019145,2.8678266019141843,0.0,0.1,2025-05-22T16:01:26.019145,0,device_94,Travel,0
user_9,146.51820866866802,2026-03-04T15:53:47.019145,1.0578145573503228,0.0,0.1,2024-10-08T15:53:47.019145,0,device_16,Grocery,0
user_38,269.04658251777687,2026-03-04T16:14:41.019145,0.27604357453905437,0.0,0.1,2023-11-30T16:14:41.019145,0,device_16,Crypto,0
user_45,423.05973617409654,2026-03-04T15:54:28.019145,4.145559919876124,0.0,0.1,2024-03-15T15:54:28.019145,0,device_33,Luxury,0
user_4,154.21925964660738,2026-03-04T16:01:26.019145,2.85501450446458,0.0,0.1,2025-02-18T16:01:26.019145,0,device_66,Grocery,0
user_16,231.90246557700942,2026-03-04T15:46:14.019145,1.1018128877583329,0.0,0.1,2025-09-28T15:46:14.019145,0,device_79,Travel,0
user_46,74.15945815508631,2026-03-04T15:58:18.019145,0.18688500018680443,0.0,0.1,2024-06-14T15:58:18.019145,0,device_69,Luxury,0
user_43,102.63867858964609,2026-03-04T15:31:23.019145,3.243733729012815,0.0,0.1,2023-07-22T15:31:23.019145,0,device_47,Grocery,0
user_22,111.96672674436181,2026-03-04T16:05:51.019145,2.9585120226942374,0.0,0.1,2024-03-20T16:05:51.019145,0,device_42,Travel,0
user_18,117.58580440599692,2026-03-04T15:56:40.019145,2.800506831860083,0.0,0.1,2025-06-08T15:56:40.019145,0,device_19,Crypto,0
user_28,277.63327094438336,2026-03-04T15:32:30.019145,0.778127367535808,0.0,0.1,2025-10-09T15:32:30.019145,0,device_19,Electronics,0
user_49,336.63320268230916,2026-03-04T15:41:01.019145,1.098611710570161,0.0,0.1,2024-05-07T15:41:01.019145,0,device_48,Crypto,0
user_7,494.03018265604817,2026-03-04T15:42:02.019145,2.35039122600031,0.0,0.1,2025-07-18T15:42:02.019145,0,device_58,Dining,0
user_31,346.0923234939457,2026-03-04T15:29:28.019145,3.6804899781908245,0.0,0.1,2024-11-01T15:29:28.019145,0,device_80,Dining,0
user_36,486.25297991528475,2026-03-04T16:10:39.019145,2.3143907544010576,0.0,0.1,2024-12-24T16:10:39.019145,0,device_98,Dining,0
user_31,124.70113728305914,2026-03-04T16:24:32.019145,2.219197029890001,0.0,0.1,2025-03-24T16:24:32.019145,0,device_9,Dining,0
user_13,220.50012518745262,2026-03-04T16:04:34.019145,3.354056296435463,0.0,0.1,2025-01-12T16:04:34.019145,0,device_27,Crypto,0
user_11,386.4495580006625,2026-03-04T15:34:39.019145,0.006547812220530358,0.0,0.1,2023-12-18T15:34:39.019145,0,device_40,Dining,0
user_38,183.17825604163082,2026-03-04T15:41:07.019145,1.671312346798271,0.0,0.1,2025-10-23T15:41:07.019145,0,device_14,Grocery,0
user_19,381.1807210662221,2026-03-04T16:01:58.019145,3.0721650113696346,0.0,0.1,2025-04-10T16:01:58.019145,0,device_14,Luxury,0
user_39,434.53420435621945,2026-03-04T16:23:51.019145,1.727142849442917,0.0,0.1,2025-06-03T16:23:51.019145,0,device_2,Electronics,0
user_23,349.4342715104287,2026-03-04T16:15:03.019145,3.4637611934413455,0.0,0.1,2025-02-26T16:15:03.019145,0,device_94,Electronics,0
user_13,289.5408615862622,2026-03-04T16:21:23.019145,4.0082734680115015,0.0,0.1,2024-06-26T16:21:23.019145,0,device_2,Grocery,0
user_17,392.06602943406824,2026-03-04T15:37:03.019145,4.433536175457061,0.0,0.1,2025-07-30T15:37:03.019145,0,device_98,Crypto,0
user_41,243.6063813286178,2026-03-04T15:42:01.019145,2.5911138125530444,0.0,0.1,2025-02-04T15:42:01.019145,0,device_6,Travel,0
user_44,57.92437921978438,2026-03-04T15:41:23.019145,4.260871208087772,0.0,0.1,2024-09-19T15:41:23.019145,0,device_95,Grocery,0
user_9,181.43353562675412,2026-03-04T15:45:45.019145,2.4237121304362,0.0,0.1,2025-02-17T15:45:45.019145,0,device_93,Electronics,0
user_13,309.48151551667473,2026-03-04T15:53:13.019145,1.8319760298113397,0.0,0.1,2023-07-09T15:53:13.019145,0,device_88,Electronics,0
user_11,108.54661002793462,2026-03-04T16:25:00.019145,0.8654832840465015,0.0,0.1,2024-09-30T16:25:00.019145,0,device_0,Luxury,0
user_11,426.7170060801043,2026-03-04T15:40:56.019145,2.405030351949595,0.0,0.1,2024-07-02T15:40:56.019145,0,device_81,Dining,0
user_49,325.04231150899614,2026-03-04T15:43:01.019145,4.045339989776045,0.0,0.1,2023-11-23T15:43:01.019145,0,device_96,Luxury,0
user_42,132.93604681896457,2026-03-04T15:36:15.019145,2.966397897493228,0.0,0.1,2024-03-21T15:36:15.019145,0,device_8,Electronics,0
user_6,481.43250043914725,2026-03-04T16:08:23.019145,0.3503450106797129,0.0,0.1,2024-01-22T16:08:23.019145,0,device_94,Luxury,0
user_15,435.39925052424366,2026-03-04T15:47:56.019145,4.262631770406538,0.0,0.1,2025-07-20T15:47:56.019145,0,device_53,Electronics,0
user_36,328.3460635605509,2026-03-04T16:14:15.019145,4.400315802737352,0.0,0.1,2023-12-10T16:14:15.019145,0,device_36,Crypto,0
user_5,111.18928575826848,2026-03-04T15:42:12.019145,1.9684761196068719,0.0,0.1,2023-09-20T15:42:12.019145,0,device_3,Travel,0
user_43,357.23143566763844,2026-03-04T15:30:14.019145,1.5747372595808506,0.0,0.1,2024-11-04T15:30:14.019145,0,device_43,Travel,0
user_47,366.1806610938316,2026-03-04T15:31:27.019145,2.4785462498661497,0.0,0.1,2025-11-21T15:31:27.019145,0,device_73,Luxury,0
user_21,173.9956257921196,2026-03-04T15:28:01.019145,4.99853617834715,0.0,0.1,2023-08-14T15:28:01.019145,0,device_3,Grocery,0
user_30,429.35666094196574,2026-03-04T16:05:56.019145,4.842178175671281,0.0,0.1,2024-02-07T16:05:56.019145,0,device_78,Luxury,0
user_16,231.6327606637335,2026-03-04T15:41:06.019145,3.5990080725708316,0.0,0.1,2025-03-07T15:41:06.019145,0,device_87,Electronics,0
user_41,462.6660988877388,2026-03-04T15:38:51.019145,2.1541525247148123,0.0,0.1,2025-08-27T15:38:51.019145,0,device_28,Travel,0
user_49,278.8434612977189,2026-03-04T15:36:19.019145,0.005027214308790939,0.0,0.1,2025-08-04T15:36:19.019145,0,device_71,Dining,0
user_49,417.9381024099276,2026-03-04T15:41:58.019145,2.234011292994637,0.0,0.1,2025-06-30T15:41:58.019145,0,device_79,Dining,0
user_0,152.2695088074641,2026-03-04T16:02:44.019145,4.694850653949864,0.0,0.1,2025-01-28T16:02:44.019145,0,device_48,Crypto,0
user_14,214.32950618103536,2026-03-04T15:40:02.019145,0.48198114521750157,0.0,0.1,2025-05-03T15:40:02.019145,0,device_14,Crypto,0
user_38,356.0150568010946,2026-03-04T15:29:44.019145,1.643810875829332,0.0,0.1,2024-06-15T15:29:44.019145,0,device_27,Luxury,0
user_21,70.03873058924943,2026-03-04T15:31:52.019145,4.209550676384185,0.0,0.1,2025-04-20T15:31:52.019145,0,device_95,Electronics,0
user_27,303.82681816955903,2026-03-04T16:21:37.019145,3.1710153106832975,0.0,0.1,2023-09-21T16:21:37.019145,0,device_70,Luxury,0
user_25,250.99597440497712,2026-03-04T16:09:49.019145,3.1101374942486726,0.0,0.1,2025-04-16T16:09:49.019145,0,device_94,Dining,0
user_28,168.1130900944899,2026-03-04T15:39:27.019145,4.9437633018712255,0.0,0.1,2023-10-13T15:39:27.019145,0,device_5,Travel,0
user_38,288.751850452609,2026-03-04T16:14:38.019145,2.806495065998094,0.0,0.1,2025-03-15T16:14:38.019145,0,device_78,Grocery,0
user_2,125.08033142442372,2026-03-04T15:47:22.019145,4.378380843135854,0.0,0.1,2024-07-21T15:47:22.019145,0,device_91,Luxury,0
user_7,243.93470318113907,2026-03-04T15:53:18.019145,1.6243971914924145,0.0,0.1,2024-07-27T15:53:18.019145,0,device_46,Dining,0
user_46,376.7142301527042,2026-03-04T16:00:45.019145,0.1521154894022514,0.0,0.1,2024-08-13T16:00:45.019145,0,device_2,Travel,0
user_10,315.24023954599284,2026-03-04T15:37:45.019145,3.5010952479565365,0.0,0.1,2023-10-24T15:37:45.019145,0,device_49,Grocery,0
user_46,398.65200096166217,2026-03-04T15:36:12.019145,3.576717155543277,0.0,0.1,2025-10-16T15:36:12.019145,0,device_24,Luxury,0
user_35,348.9576939299516,2026-03-04T16:15:37.019145,1.094042254891523,0.0,0.1,2024-03-24T16:15:37.019145,0,device_89,Dining,0
user_24,477.95527280559054,2026-03-04T16:03:49.019145,0.26366664222096103,0.0,0.1,2025-04-18T16:03:49.019145,0,device_86,Electronics,0
user_20,493.2413604795057,2026-03-04T15:30:03.019145,2.011147544896041,0.0,0.1,2025-03-07T15:30:03.019145,0,device_11,Dining,0
user_2,170.5225624500752,2026-03-04T16:00:45.019145,3.3536868442189354,0.0,0.1,2023-07-15T16:00:45.019145,0,device_39,Travel,0
user_11,336.80932364286923,2026-03-04T16:12:19.019145,1.347781091777171,0.0,0.1,2025-04-10T16:12:19.019145,0,device_5,Travel,0
user_41,57.26503251077935,2026-03-04T16:22:51.019145,0.5234488166834628,0.0,0.1,2024-06-07T16:22:51.019145,0,device_97,Dining,0
user_36,195.096841054213,2026-03-04T15:31:53.019145,2.7403137485746534,0.0,0.1,2023-06-15T15:31:53.019145,0,device_54,Travel,0
user_27,483.799073248233,2026-03-04T16:23:38.019145,3.3193627506025103,0.0,0.1,2024-12-08T16:23:38.019145,0,device_80,Luxury,0
user_36,431.4301472357088,2026-03-04T15:58:11.019145,0.24360525438269498,0.0,0.1,2023-09-11T15:58:11.019145,0,device_22,Travel,0
user_14,195.1446708540429,2026-03-04T15:55:16.019145,4.500013336110198,0.0,0.1,2024-07-29T15:55:16.019145,0,device_68,Travel,0
user_48,90.03254345152305,2026-03-04T16:04:52.019145,0.3740025160041133,0.0,0.1,2025-02-04T16:04:52.019145,0,device_29,Grocery,0
user_17,138.3255773688498,2026-03-04T15:45:10.019145,1.4217356443798246,0.0,0.1,2025-08-02T15:45:10.019145,0,device_42,Grocery,0
user_37,65.16667070507177,2026-03-04T16:19:48.019145,1.810030420343306,0.0,0.1,2024-05-18T16:19:48.019145,0,device_39,Luxury,0
user_42,238.77502236200974,2026-03-04T15:31:47.019145,3.6357768497502105,0.0,0.1,2025-06-27T15:31:47.019145,0,device_56,Dining,0
user_3,468.26210744043163,2026-03-04T15:32:27.019145,3.040688188467355,0.0,0.1,2025-07-22T15:32:27.019145,0,device_17,Luxury,0
user_11,131.85448649829232,2026-03-04T15:27:30.019145,2.7490697764909773,0.0,0.1,2024-07-07T15:27:30.019145,0,device_20,Grocery,0
user_31,119.56141863545542,2026-03-04T15:56:10.019145,0.11843363346141944,0.0,0.1,2023-06-12T15:56:10.019145,0,device_61,Travel,0
user_42,386.72838652738795,2026-03-04T15:54:25.019145,4.956112370458467,0.0,0.1,2025-12-29T15:54:25.019145,0,device_24,Grocery,0
user_8,464.10446137119817,2026-03-04T16:21:12.019145,0.18068294100202387,0.0,0.1,2025-05-05T16:21:12.019145,0,device_40,Travel,0
user_44,67.46662007749472,2026-03-04T15:55:56.019145,3.8144341628396594,0.0,0.1,2023-10-07T15:55:56.019145,0,device_98,Luxury,0
user_34,229.57362097115302,2026-03-04T15:41:09.019145,1.6279107090455425,0.0,0.1,2025-01-15T15:41:09.019145,0,device_83,Grocery,0
user_42,360.486572936754,2026-03-04T15:39:02.019145,1.8239927650549004,0.0,0.1,2024-08-16T15:39:02.019145,0,device_47,Grocery,0
user_18,485.21309803842945,2026-03-04T16:11:59.019145,1.9474198212077871,0.0,0.1,2024-06-18T16:11:59.019145,0,device_3,Dining,0
user_18,412.0760266140068,2026-03-04T16:12:43.019145,3.040908943654279,0.0,0.1,2023-08-05T16:12:43.019145,0,device_42,Grocery,0
user_0,116.08918551467123,2026-03-04T15:36:19.019145,2.209098306596892,0.0,0.1,2023-06-27T15:36:19.019145,0,device_87,Crypto,0
user_31,420.47724268217223,2026-03-04T16:10:47.019145,1.510912824423651,0.0,0.1,2024-10-28T16:10:47.019145,0,device_13,Grocery,0
user_5,296.3369610491512,2026-03-04T15:32:03.019145,3.263597499841353,0.0,0.1,2024-07-05T15:32:03.019145,0,device_83,Travel,0
user_37,162.76645819677168,2026-03-04T15:38:57.019145,1.0208513741308907,0.0,0.1,2025-11-08T15:38:57.019145,0,device_61,Dining,0
user_11,322.2839054241434,2026-03-04T16:05:12.019145,2.5382318192616333,0.0,0.1,2024-11-25T16:05:12.019145,0,device_92,Luxury,0
user_14,360.72478681609067,2026-03-04T15:51:33.019145,3.1631851714886734,0.0,0.1,2024-01-11T15:51:33.019145,0,device_59,Luxury,0
user_10,87.51373506301346,2026-03-04T16:18:20.019145,3.070826965299973,0.0,0.1,2025-01-02T16:18:20.019145,0,device_28,Crypto,0
user_20,84.32245645023099,2026-03-04T15:56:39.019145,0.01473475860485407,0.0,0.1,2025-04-22T15:56:39.019145,0,device_98,Crypto,0
user_13,62.03559935257583,2026-03-04T15:47:16.019145,3.748383714550778,0.0,0.1,2025-02-19T15:47:16.019145,0,device_83,Grocery,0
user_15,180.16853211020583,2026-03-04T16:18:59.019145,3.023799143402969,0.0,0.1,2024-12-08T16:18:59.019145,0,device_63,Electronics,0
user_0,431.93484915567024,2026-03-04T16:15:26.019145,2.9254689754906655,0.0,0.1,2025-05-02T16:15:26.019145,0,device_74,Luxury,0
user_7,118.44774276832037,2026-03-04T16:02:09.019145,2.5346898932637227,0.0,0.1,2025-01-12T16:02:09.019145,0,device_87,Grocery,0
user_26,65.78280457098091,2026-03-04T15:38:59.019145,2.255255099718791,0.0,0.1,2023-12-16T15:38:59.019145,0,device_55,Grocery,0
user_1,391.3878229749944,2026-03-04T16:16:28.019145,2.590800621309339,0.0,0.1,2025-01-28T16:16:28.019145,0,device_52,Crypto,0
user_1,203.5650490838779,2026-03-04T16:10:29.019145,2.2408230034104686,0.0,0.1,2025-07-30T16:10:29.019145,0,device_57,Dining,0
user_24,336.6604222727759,2026-03-04T16:17:39.019145,0.7573029166479339,0.0,0.1,2024-01-10T16:17:39.019145,0,device_96,Grocery,0
user_40,122.44818747796465,2026-03-04T15:37:04.019145,1.7923385494139281,0.0,0.1,2024-05-21T15:37:04.019145,0,device_55,Grocery,0
user_42,382.29931598306973,2026-03-04T16:04:35.019145,2.198458878126245,0.0,0.1,2024-04-10T16:04:35.019145,0,device_80,Travel,0
user_31,457.80600780744,2026-03-04T15:52:00.019145,4.452040123878763,0.0,0.1,2023-07-13T15:52:00.019145,0,device_10,Electronics,0
user_18,427.9821338760065,2026-03-04T15:35:37.019145,2.732693543010691,0.0,0.1,2024-06-15T15:35:37.019145,0,device_32,Dining,0
user_7,143.96421659812484,2026-03-04T16:15:18.019145,0.8338932706533531,0.0,0.1,2024-05-14T16:15:18.019145,0,device_52,Dining,0
user_15,446.8054769181139,2026-03-04T15:31:41.019145,4.404722285434173,0.0,0.1,2024-11-08T15:31:41.019145,0,device_65,Travel,0
user_47,116.75315628904347,2026-03-04T15:54:39.019145,1.9476312144506924,0.0,0.1,2025-01-26T15:54:39.019145,0,device_38,Grocery,0
user_4,333.4250349258613,2026-03-04T15:58:12.019145,2.7772417025797003,0.0,0.1,2024-11-12T15:58:12.019145,0,device_69,Travel,0
user_16,191.7854265656972,2026-03-04T16:01:00.019145,4.330206157821551,0.0,0.1,2025-04-24T16:01:00.019145,0,device_27,Luxury,0
user_41,470.7877454698091,2026-03-04T15:45:51.019145,2.3697317697049955,0.0,0.1,2023-12-29T15:45:51.019145,0,device_67,Electronics,0
user_42,85.60513043043844,2026-03-04T15:45:37.019145,0.6192931464320883,0.0,0.1,2024-01-28T15:45:37.019145,0,device_4,Travel,0
user_14,162.19394629898193,2026-03-04T16:22:35.019145,4.197139854879384,0.0,0.1,2025-01-30T16:22:35.019145,0,device_11,Crypto,0
user_7,145.6451553444192,2026-03-04T15:29:49.019145,3.274661126681991,0.0,0.1,2023-12-18T15:29:49.019145,0,device_27,Luxury,0
user_22,244.1715325494036,2026-03-04T15:52:45.019145,0.08286876918958908,0.0,0.1,2023-11-17T15:52:45.019145,0,device_9,Grocery,0
user_44,200.87065984006557,2026-03-04T16:17:57.019145,1.8147538033006005,0.0,0.1,2025-04-27T16:17:57.019145,0,device_45,Dining,0
user_41,373.82388667899585,2026-03-04T16:08:39.019145,2.6395250396188246,0.0,0.1,2023-11-14T16:08:39.019145,0,device_75,Dining,0
user_5,142.57382321408426,2026-03-04T15:48:33.019145,4.822959961298458,0.0,0.1,2024-08-18T15:48:33.019145,0,device_80,Grocery,0
user_4,67.73436362743483,2026-03-04T15:52:23.019145,0.3944397896160645,0.0,0.1,2024-11-30T15:52:23.019145,0,device_10,Electronics,0
user_21,88.6506532768256,2026-03-04T15:57:36.019145,1.5486984674300524,0.0,0.1,2024-11-30T15:57:36.019145,0,device_39,Electronics,0
user_0,416.6701782585547,2026-03-04T16:07:45.019145,3.9590900784127143,0.0,0.1,2024-09-07T16:07:45.019145,0,device_68,Dining,0
user_40,333.26076367050325,2026-03-04T16:20:38.019145,1.3326518305946684,0.0,0.1,2023-10-11T16:20:38.019145,0,device_33,Travel,0
user_20,54.58893570058309,2026-03-04T15:43:41.019145,2.197623884300526,0.0,0.1,2023-07-18T15:43:41.019145,0,device_49,Electronics,0
user_8,467.9275687103153,2026-03-04T16:00:00.019145,0.24668099786768094,0.0,0.1,2025-08-06T16:00:00.019145,0,device_20,Electronics,0
user_36,410.7403446633132,2026-03-04T16:02:50.019145,1.4672893589662717,0.0,0.1,2025-07-22T16:02:50.019145,0,device_69,Travel,0
user_24,403.7337895714087,2026-03-04T15:51:19.019145,3.660926117747057,0.0,0.1,2025-11-16T15:51:19.019145,0,device_53,Grocery,0
user_1,391.9806409116985,2026-03-04T16:21:58.019145,2.1940037348483283,0.0,0.1,2024-07-18T16:21:58.019145,0,device_11,Electronics,0
user_2,231.29463477010333,2026-03-04T16:09:24.019145,3.9397582531882165,0.0,0.1,2024-07-25T16:09:24.019145,0,device_89,Travel,0
user_47,348.40086984425335,2026-03-04T15:51:12.019145,4.588144440391649,0.0,0.1,2025-11-19T15:51:12.019145,0,device_57,Electronics,0
user_33,428.5183531864443,2026-03-04T15:29:07.019145,0.17124008827169968,0.0,0.1,2024-02-17T15:29:07.019145,0,device_14,Grocery,0
user_31,229.22369926385173,2026-03-04T16:01:28.019145,1.9459267151938975,0.0,0.1,2025-03-21T16:01:28.019145,0,device_27,Luxury,0
user_13,350.4713344989851,2026-03-04T15:39:10.019145,2.4706621874490917,0.0,0.1,2023-07-22T15:39:10.019145,0,device_43,Grocery,0
user_49,384.4615436607776,2026-03-04T16:01:17.019145,1.334438273696585,0.0,0.1,2023-09-30T16:01:17.019145,0,device_56,Electronics,0
user_25,196.7363153839763,2026-03-04T15:33:08.019145,1.2691534616737277,0.0,0.1,2025-07-06T15:33:08.019145,0,device_85,Luxury,0
user_23,405.109008473439,2026-03-04T15:32:00.019145,3.1182552317561925,0.0,0.1,2025-04-14T15:32:00.019145,0,device_94,Travel,0
user_40,292.9594363823003,2026-03-04T16:17:31.019145,0.30453420758784877,0.0,0.1,2025-02-09T16:17:31.019145,0,device_23,Dining,0
user_39,462.0234570408142,2026-03-04T15:42:10.019145,1.279105044097419,0.0,0.1,2025-02-11T15:42:10.019145,0,device_33,Electronics,0
user_37,246.76986136732296,2026-03-04T15:29:25.019145,0.9738252446667672,0.0,0.1,2025-04-05T15:29:25.019145,0,device_78,Travel,0
user_7,494.3810829291245,2026-03-04T16:04:54.019145,4.332612519006812,0.0,0.1,2024-10-17T16:04:54.019145,0,device_42,Crypto,0
user_21,88.18743525195944,2026-03-04T15:54:36.019145,0.03921483881481613,0.0,0.1,2023-08-08T15:54:36.019145,0,device_73,Grocery,0
user_33,321.8297944345826,2026-03-04T15:54:43.019145,3.7855441529441474,0.0,0.1,2025-09-21T15:54:43.019145,0,device_97,Travel,0
user_36,393.33885620009664,2026-03-04T15:52:45.019145,4.1818212214241965,0.0,0.1,2024-09-16T15:52:45.019145,0,device_40,Electronics,0
user_11,179.95619557847436,2026-03-04T16:22:19.019145,3.9223356729271153,0.0,0.1,2025-11-13T16:22:19.019145,0,device_10,Grocery,0
user_3,382.2643120309899,2026-03-04T15:41:45.019145,1.6073956215366132,0.0,0.1,2025-08-16T15:41:45.019145,0,device_8,Travel,0
user_39,364.88489212051775,2026-03-04T16:16:17.019145,4.406051468437268,0.0,0.1,2024-05-09T16:16:17.019145,0,device_77,Dining,0
user_30,386.8268051249965,2026-03-04T15:43:00.019145,0.6996801412529607,0.0,0.1,2023-10-29T15:43:00.019145,0,device_32,Grocery,0
user_35,236.23358565386587,2026-03-04T16:00:38.019145,2.4903090810271813,0.0,0.1,2025-08-09T16:00:38.019145,0,device_86,Luxury,0
user_42,230.36999043664014,2026-03-04T16:02:55.019145,2.3474352602342696,0.0,0.1,2025-06-06T16:02:55.019145,0,device_34,Luxury,0
user_25,353.6852174355671,2026-03-04T16:07:57.019145,4.900999322550336,0.0,0.1,2025-10-03T16:07:57.019145,0,device_83,Travel,0
user_47,302.67246529707256,2026-03-04T16:04:59.019145,4.405851916004638,0.0,0.1,2025-06-03T16:04:59.019145,0,device_69,Travel,0
user_41,187.58032332208575,2026-03-04T16:15:33.019145,3.241524189851461,0.0,0.1,2024-10-31T16:15:33.019145,0,device_65,Crypto,0
user_12,201.3216436325842,2026-03-04T15:57:35.019145,3.095517349855102,0.0,0.1,2025-10-22T15:57:35.019145,0,device_62,Luxury,0
user_43,423.8644449234336,2026-03-04T15:46:38.019145,0.5203441671059073,0.0,0.1,2025-05-14T15:46:38.019145,0,device_23,Grocery,0
user_15,314.5885699375886,2026-03-04T15:43:26.019145,1.5297566486737524,0.0,0.1,2025-11-25T15:43:26.019145,0,device_91,Electronics,0
user_47,256.0273135969031,2026-03-04T15:33:43.019145,1.2285851365698326,0.0,0.1,2025-10-27T15:33:43.019145,0,device_7,Dining,0
user_8,212.73921264356974,2026-03-04T16:13:53.019145,4.640320304841879,0.0,0.1,2023-06-10T16:13:53.019145,0,device_13,Electronics,0
user_4,92.03522475758575,2026-03-04T16:11:04.019145,1.5725006069405683,0.0,0.1,2024-03-23T16:11:04.019145,0,device_86,Electronics,0
user_0,437.5198582443646,2026-03-04T16:16:52.019145,0.5279916693912828,0.0,0.1,2024-09-04T16:16:52.019145,0,device_74,Travel,0
user_30,350.9086276003891,2026-03-04T16:20:19.019145,4.904902973106186,0.0,0.1,2025-05-12T16:20:19.019145,0,device_51,Crypto,0
user_14,450.40896268883733,2026-03-04T15:43:49.019145,1.593162591660493,0.0,0.1,2025-11-23T15:43:49.019145,0,device_50,Dining,0
user_6,90.00488456893677,2026-03-04T16:02:39.019145,0.3882331289069857,0.0,0.1,2024-12-05T16:02:39.019145,0,device_42,Travel,0
user_37,355.2704937369217,2026-03-04T15:57:11.019145,1.3572912816551197,0.0,0.1,2024-01-29T15:57:11.019145,0,device_94,Luxury,0
user_5,206.11918530482941,2026-03-04T15:44:40.019145,3.195090440622353,0.0,0.1,2025-12-30T15:44:40.019145,0,device_90,Grocery,0
user_7,332.9647906861057,2026-03-04T15:46:16.019145,2.7089426465859856,0.0,0.1,2025-11-11T15:46:16.019145,0,device_78,Dining,0
user_39,409.6502586021907,2026-03-04T16:27:01.019145,4.320750827971122,0.0,0.1,2024-11-08T16:27:01.019145,0,device_20,Luxury,0
user_44,112.91672834356227,2026-03-04T15:59:52.019145,2.479660677394349,0.0,0.1,2026-01-04T15:59:52.019145,0,device_87,Travel,0
user_46,401.94397169062097,2026-03-04T16:08:08.019145,2.5528487237937325,0.0,0.1,2024-09-12T16:08:08.019145,0,device_65,Electronics,0
user_22,337.2143266765683,2026-03-04T15:44:40.019145,3.368537320545349,0.0,0.1,2023-06-28T15:44:40.019145,0,device_53,Grocery,0
user_45,316.1729409091803,2026-03-04T15:54:29.019145,0.00467561377445691,0.0,0.1,2026-01-26T15:54:29.019145,0,device_37,Travel,0
user_35,256.13184104275757,2026-03-04T15:40:30.019145,3.708386077007881,0.0,0.1,2024-05-13T15:40:30.019145,0,device_67,Crypto,0
user_22,326.56815663770533,2026-03-04T15:40:06.019145,1.0037747489377518,0.0,0.1,2024-02-07T15:40:06.019145,0,device_52,Crypto,0
user_30,422.8455279126053,2026-03-04T16:13:34.019145,4.547030862147076,0.0,0.1,2023-09-17T16:13:34.019145,0,device_77,Grocery,0
user_41,111.24635191388774,2026-03-04T15:47:30.019145,1.5789318132448138,0.0,0.1,2025-04-14T15:47:30.019145,0,device_78,Grocery,0
user_24,126.46816844334099,2026-03-04T15:28:29.019145,0.3117369944733872,0.0,0.1,2024-02-13T15:28:29.019145,0,device_56,Luxury,0
user_41,381.7030286472464,2026-03-04T15:58:51.019145,4.515720927388249,0.0,0.1,2024-08-20T15:58:51.019145,0,device_59,Luxury,0
user_34,138.0278547943883,2026-03-04T15:36:37.019145,1.1321921221746434,0.0,0.1,2024-12-25T15:36:37.019145,0,device_87,Grocery,0
user_36,471.0547352649316,2026-03-04T15:46:43.019145,2.7170310863010494,0.0,0.1,2024-10-14T15:46:43.019145,0,device_67,Travel,0
user_35,136.04604768106174,2026-03-04T15:39:56.019145,1.613081609015849,0.0,0.1,2024-04-29T15:39:56.019145,0,device_40,Luxury,0
user_37,148.07036922665503,2026-03-04T15:32:47.019145,3.5092621871681366,0.0,0.1,2026-01-23T15:32:47.019145,0,device_63,Dining,0
user_37,216.5300846663081,2026-03-04T15:33:34.019145,1.283121731822296,0.0,0.1,2023-09-28T15:33:34.019145,0,device_66,Luxury,0
user_4,55.08309045792992,2026-03-04T16:17:48.019145,1.1119360004068457,0.0,0.1,2024-10-10T16:17:48.019145,0,device_60,Crypto,0
user_48,289.8771951663218,2026-03-04T15:54:14.019145,3.892880777601909,0.0,0.1,2025-09-18T15:54:14.019145,0,device_83,Crypto,0
user_44,67.21827355405715,2026-03-04T15:31:20.019145,0.7607521793509919,0.0,0.1,2024-02-14T15:31:20.019145,0,device_90,Dining,0
user_3,470.4737858723472,2026-03-04T16:01:45.019145,2.5930258954666745,0.0,0.1,2025-01-10T16:01:45.019145,0,device_5,Grocery,0
user_35,290.4227868697879,2026-03-04T16:21:08.019145,2.5093709187732607,0.0,0.1,2023-09-06T16:21:08.019145,0,device_93,Electronics,0
user_25,411.9433400418713,2026-03-04T15:35:21.019145,3.0809775361930147,0.0,0.1,2025-12-17T15:35:21.019145,0,device_75,Grocery,0
user_3,108.02926778344003,2026-03-04T15:36:29.019145,0.36194148680616045,0.0,0.1,2023-08-17T15:36:29.019145,0,device_0,Electronics,0
user_24,148.39992123322577,2026-03-04T15:58:21.019145,1.176425203303522,0.0,0.1,2025-09-05T15:58:21.019145,0,device_78,Dining,0
user_9,364.13525440384416,2026-03-04T16:23:42.019145,0.8013586433837999,0.0,0.1,2024-01-31T16:23:42.019145,0,device_50,Electronics,0
user_7,122.4740019292206,2026-03-04T15:41:11.019145,4.702822896142472,0.0,0.1,2025-09-30T15:41:11.019145,0,device_36,Crypto,0
user_9,254.03002204337673,2026-03-04T16:24:01.019145,4.041421386798339,0.0,0.1,2025-03-23T16:24:01.019145,0,device_39,Travel,0
user_17,321.65853754955475,2026-03-04T16:01:23.019145,2.504449640547355,0.0,0.1,2024-09-12T16:01:23.019145,0,device_99,Luxury,0
user_42,246.10390763314314,2026-03-04T16:18:33.019145,2.724904720720875,0.0,0.1,2024-08-27T16:18:33.019145,0,device_31,Electronics,0
user_19,298.17813197853434,2026-03-04T15:44:53.019145,3.1626363509011908,0.0,0.1,2024-10-03T15:44:53.019145,0,device_79,Luxury,0
user_47,197.96991053565662,2026-03-04T15:59:53.019145,4.343889608226328,0.0,0.1,2025-10-20T15:59:53.019145,0,device_13,Electronics,0
user_45,216.17068136159637,2026-03-04T15:41:26.019145,4.941303602780206,0.0,0.1,2024-01-11T15:41:26.019145,0,device_64,Luxury,0
user_22,249.3850455970368,2026-03-04T15:29:16.019145,3.287276009648245,0.0,0.1,2024-09-25T15:29:16.019145,0,device_0,Luxury,0
user_27,428.7338465726488,2026-03-04T15:31:20.019145,0.10330382163728002,0.0,0.1,2025-08-21T15:31:20.019145,0,device_26,Electronics,0
user_25,242.413038239467,2026-03-04T16:16:41.019145,2.4421377226860224,0.0,0.1,2025-06-05T16:16:41.019145,0,device_13,Travel,0
user_7,77.8733320808681,2026-03-04T15:44:59.019145,4.231094282411516,0.0,0.1,2025-10-05T15:44:59.019145,0,device_62,Electronics,0
user_28,127.52131840770636,2026-03-04T15:54:16.019145,2.2471655832428583,0.0,0.1,2025-02-02T15:54:16.019145,0,device_98,Travel,0
user_0,270.89211293077665,2026-03-04T16:14:35.019145,0.5694401761902995,0.0,0.1,2024-12-03T16:14:35.019145,0,device_95,Electronics,0
user_7,161.1000184878917,2026-03-04T16:11:50.019145,4.479279258620579,0.0,0.1,2023-11-29T16:11:50.019145,0,device_11,Grocery,0
user_43,183.41652967287143,2026-03-04T15:47:36.019145,4.260214726162632,0.0,0.1,2024-10-22T15:47:36.019145,0,device_47,Luxury,0
user_17,434.7354708976033,2026-03-04T15:32:29.019145,0.08991094694563995,0.0,0.1,2024-09-06T15:32:29.019145,0,device_53,Electronics,0
user_25,446.6943503859598,2026-03-04T16:06:28.019145,1.341673573326441,0.0,0.1,2024-08-09T16:06:28.019145,0,device_36,Luxury,0
user_15,466.5344088876261,2026-03-04T15:42:28.019145,0.2976191716866883,0.0,0.1,2024-08-16T15:42:28.019145,0,device_65,Electronics,0
user_7,85.36774600159788,2026-03-04T15:32:37.019145,3.131918037208139,0.0,0.1,2025-04-20T15:32:37.019145,0,device_28,Grocery,0
user_26,283.0163040179872,2026-03-04T15:52:46.019145,3.0115854109286513,0.0,0.1,2025-04-08T15:52:46.019145,0,device_17,Luxury,0
user_27,441.904132489822,2026-03-04T15:40:00.019145,4.061430402402618,0.0,0.1,2023-07-28T15:40:00.019145,0,device_71,Grocery,0
user_15,115.56840309953765,2026-03-04T15:43:21.019145,4.7254276281915635,0.0,0.1,2024-01-29T15:43:21.019145,0,device_67,Electronics,0
user_8,402.50529891347236,2026-03-04T16:01:10.019145,1.9591779221234003,0.0,0.1,2023-11-30T16:01:10.019145,0,device_76,Dining,0
user_20,370.25692491590974,2026-03-04T15:44:40.019145,2.7509937198338497,0.0,0.1,2024-01-31T15:44:40.019145,0,device_32,Crypto,0
user_23,324.05992574882094,2026-03-04T15:37:09.019145,4.905029489995066,0.0,0.1,2025-02-25T15:37:09.019145,0,device_61,Grocery,0
user_40,184.48176387730342,2026-03-04T16:14:57.019145,2.8862572315651986,0.0,0.1,2025-03-19T16:14:57.019145,0,device_94,Grocery,0
user_5,195.09847834381083,2026-03-04T16:07:39.019145,2.174100434442493,0.0,0.1,2024-05-07T16:07:39.019145,0,device_11,Electronics,0
user_32,109.03748710079202,2026-03-04T16:02:00.019145,1.7971484749581579,0.0,0.1,2024-08-14T16:02:00.019145,0,device_31,Luxury,0
user_26,140.35440734256161,2026-03-04T15:55:17.019145,4.636512332329545,0.0,0.1,2025-11-22T15:55:17.019145,0,device_89,Crypto,0
user_25,136.03166923150476,2026-03-04T16:26:09.019145,3.40360921395195,0.0,0.1,2024-05-08T16:26:09.019145,0,device_57,Crypto,0
user_34,218.5171581922726,2026-03-04T16:26:22.019145,2.2575181285565975,0.0,0.1,2025-10-19T16:26:22.019145,0,device_46,Grocery,0
user_46,405.44303715651813,2026-03-04T16:06:33.019145,3.621032843724277,0.0,0.1,2023-07-14T16:06:33.019145,0,device_48,Electronics,0
user_5,201.82432890240554,2026-03-04T15:57:19.019145,0.17178246291688515,0.0,0.1,2024-06-18T15:57:19.019145,0,device_6,Grocery,0
user_21,116.65519126447478,2026-03-04T16:20:41.019145,1.2450344593335616,0.0,0.1,2024-01-08T16:20:41.019145,0,device_6,Dining,0
user_36,84.81673142810365,2026-03-04T15:28:46.019145,3.1716008295476446,0.0,0.1,2025-04-09T15:28:46.019145,0,device_2,Travel,0
user_3,147.01573622517805,2026-03-04T15:40:13.019145,3.241652670294629,0.0,0.1,2025-10-29T15:40:13.019145,0,device_30,Dining,0
user_28,390.62509683377186,2026-03-04T16:21:27.019145,3.07900696834625,0.0,0.1,2026-01-15T16:21:27.019145,0,device_20,Luxury,0
user_11,95.17233248633394,2026-03-04T15:48:19.019145,1.0450860942085733,0.0,0.1,2025-07-27T15:48:19.019145,0,device_5,Grocery,0
user_46,260.2204207668096,2026-03-04T16:19:50.019145,4.5041143793897795,0.0,0.1,2024-06-09T16:19:50.019145,0,device_67,Luxury,0
user_49,463.01680637764935,2026-03-04T16:04:24.019145,3.4085683814498924,0.0,0.1,2025-07-08T16:04:24.019145,0,device_44,Dining,0
user_29,436.8791608083893,2026-03-04T15:43:16.019145,4.9150631372382065,0.0,0.1,2024-09-12T15:43:16.019145,0,device_17,Grocery,0
user_40,72.3801202121221,2026-03-04T16:13:42.019145,1.6469831337303331,0.0,0.1,2024-05-01T16:13:42.019145,0,device_60,Luxury,0
user_17,130.1058296693361,2026-03-04T16:26:41.019145,4.343309014747104,0.0,0.1,2023-11-16T16:26:41.019145,0,device_21,Luxury,0
user_4,103.9705511323014,2026-03-04T15:57:58.019145,2.302570099907602,0.0,0.1,2024-09-02T15:57:58.019145,0,device_58,Dining,0
user_22,195.44691363407406,2026-03-04T15:38:37.019145,2.2872054249979916,0.0,0.1,2025-07-03T15:38:37.019145,0,device_89,Luxury,0
user_23,301.7274210668453,2026-03-04T16:04:27.019145,2.833613976175257,0.0,0.1,2025-07-02T16:04:27.019145,0,device_85,Travel,0
user_42,304.14442701208577,2026-03-04T15:55:17.019145,4.960487481299931,0.0,0.1,2024-07-11T15:55:17.019145,0,device_43,Grocery,0
user_14,499.6214466607339,2026-03-04T16:13:39.019145,4.807066065384321,0.0,0.1,2024-09-01T16:13:39.019145,0,device_19,Electronics,0
user_30,181.68317442178244,2026-03-04T16:09:21.019145,0.6358361748060143,0.0,0.1,2023-11-16T16:09:21.019145,0,device_96,Travel,0
user_26,364.50332503317554,2026-03-04T16:15:05.019145,2.048837949352698,0.0,0.1,2025-10-24T16:15:05.019145,0,device_2,Dining,0
user_32,365.360132452897,2026-03-04T16:07:22.019145,3.3290896532478413,0.0,0.1,2025-07-02T16:07:22.019145,0,device_30,Crypto,0
user_14,419.80558420084213,2026-03-04T15:34:10.019145,3.4929207319101514,0.0,0.1,2025-07-29T15:34:10.019145,0,device_82,Travel,0
user_2,165.54006464032187,2026-03-04T15:46:15.019145,3.1391715133432623,0.0,0.1,2025-05-07T15:46:15.019145,0,device_10,Crypto,0
user_31,94.82554420854296,2026-03-04T16:11:20.019145,4.328072958354199,0.0,0.1,2024-05-11T16:11:20.019145,0,device_23,Crypto,0
user_10,63.700120610532935,2026-03-04T15:38:38.019145,4.822767961594218,0.0,0.1,2023-09-02T15:38:38.019145,0,device_71,Dining,0
user_2,347.87131230171383,2026-03-04T15:56:54.019145,0.529650419045512,0.0,0.1,2024-01-10T15:56:54.019145,0,device_65,Electronics,0
user_45,167.8473856565879,2026-03-04T15:44:14.019145,2.750092456075415,0.0,0.1,2024-02-13T15:44:14.019145,0,device_83,Travel,0
user_1,392.2864260925212,2026-03-04T16:18:14.019145,1.5826494695724358,0.0,0.1,2024-02-12T16:18:14.019145,0,device_56,Dining,0
user_38,369.8105825989773,2026-03-04T15:31:06.019145,1.7094807626032842,0.0,0.1,2023-10-23T15:31:06.019145,0,device_47,Dining,0
user_47,239.66879079328436,2026-03-04T16:20:23.019145,2.372989903241101,0.0,0.1,2025-01-08T16:20:23.019145,0,device_72,Travel,0
user_3,360.6012458368538,2026-03-04T15:48:14.019145,0.4629892886144682,0.0,0.1,2024-08-10T15:48:14.019145,0,device_73,Luxury,0
user_7,302.8929992375664,2026-03-04T16:17:28.019145,3.596702907763663,0.0,0.1,2025-02-27T16:17:28.019145,0,device_40,Grocery,0
user_2,351.28101732999664,2026-03-04T16:12:01.019145,4.2741439785673965,0.0,0.1,2023-08-29T16:12:01.019145,0,device_95,Dining,0
user_28,206.4947933650054,2026-03-04T16:07:57.019145,3.9576559165711513,0.0,0.1,2026-01-07T16:07:57.019145,0,device_12,Grocery,0
user_10,239.09077355276784,2026-03-04T15:59:07.019145,3.5202506175308694,0.0,0.1,2023-10-26T15:59:07.019145,0,device_61,Luxury,0
user_30,307.8959905805794,2026-03-04T16:20:04.019145,2.249022596065976,0.0,0.1,2024-01-12T16:20:04.019145,0,device_23,Electronics,0
user_24,393.5487997208641,2026-03-04T16:11:10.019145,1.3834888286165543,0.0,0.1,2023-09-03T16:11:10.019145,0,device_79,Travel,0
user_12,181.3649817081103,2026-03-04T15:32:02.019145,3.1296963335234578,0.0,0.1,2023-10-15T15:32:02.019145,0,device_76,Crypto,0
user_26,190.82063398460014,2026-03-04T15:28:22.019145,4.816946669052299,0.0,0.1,2023-07-18T15:28:22.019145,0,device_5,Grocery,0
user_33,199.41055510584914,2026-03-04T15:37:00.019145,3.821659544502112,0.0,0.1,2023-11-18T15:37:00.019145,0,device_99,Electronics,0
user_29,376.82909363903104,2026-03-04T15:55:23.019145,3.386468632922342,0.0,0.1,2025-10-16T15:55:23.019145,0,device_88,Dining,0
user_44,441.1551573321752,2026-03-04T15:42:10.019145,0.4497114422348114,0.0,0.1,2025-04-21T15:42:10.019145,0,device_54,Luxury,0
user_28,217.8162148133325,2026-03-04T15:41:16.019145,1.084300363337955,0.0,0.1,2025-07-09T15:41:16.019145,0,device_14,Dining,0
user_42,90.42168576363935,2026-03-04T15:28:08.019145,0.6166751892690642,0.0,0.1,2025-11-06T15:28:08.019145,0,device_84,Travel,0
user_45,166.4698595891445,2026-03-04T15:50:59.019145,4.528845190993333,0.0,0.1,2023-09-06T15:50:59.019145,0,device_59,Luxury,0
user_45,236.6673833318093,2026-03-04T15:58:51.019145,4.823210998767557,0.0,0.1,2023-09-19T15:58:51.019145,0,device_12,Luxury,0
user_19,375.90416456974873,2026-03-04T15:33:48.019145,3.378564924025947,0.0,0.1,2024-05-08T15:33:48.019145,0,device_69,Crypto,0
user_33,359.47722803840514,2026-03-04T15:55:12.019145,4.725869416058296,0.0,0.1,2024-06-11T15:55:12.019145,0,device_29,Travel,0
user_48,324.20199686062085,2026-03-04T15:36:04.019145,3.4105892831935454,0.0,0.1,2024-08-07T15:36:04.019145,0,device_5,Electronics,0
user_16,367.58527326810275,2026-03-04T16:22:35.019145,3.715873570276844,0.0,0.1,2025-10-28T16:22:35.019145,0,device_99,Luxury,0
user_26,323.32844820398236,2026-03-04T16:18:34.019145,0.5624951196298983,0.0,0.1,2024-09-15T16:18:34.019145,0,device_83,Luxury,0
user_31,209.92594886373863,2026-03-04T16:15:48.019145,0.9653698137660588,0.0,0.1,2025-05-12T16:15:48.019145,0,device_77,Crypto,0
user_0,279.95994239120034,2026-03-04T15:51:33.019145,1.8073932290336658,0.0,0.1,2024-03-07T15:51:33.019145,0,device_98,Crypto,0
user_4,255.1309530300047,2026-03-04T16:16:21.019145,2.530958694033187,0.0,0.1,2023-12-06T16:16:21.019145,0,device_13,Grocery,0
user_32,117.98353043345779,2026-03-04T16:02:09.019145,0.8704335849773837,0.0,0.1,2024-07-14T16:02:09.019145,0,device_33,Electronics,0
user_46,396.50127555296604,2026-03-04T16:19:38.019145,2.9584909584611045,0.0,0.1,2025-05-24T16:19:38.019145,0,device_30,Dining,0
user_15,368.19271532900996,2026-03-04T15:28:47.019145,3.230254220811907,0.0,0.1,2024-08-24T15:28:47.019145,0,device_73,Electronics,0
user_40,365.4670011416799,2026-03-04T15:49:51.019145,4.825060695763757,0.0,0.1,2026-01-13T15:49:51.019145,0,device_24,Luxury,0
user_24,197.64151766611113,2026-03-04T15:40:08.019145,3.1278179512292863,0.0,0.1,2024-05-26T15:40:08.019145,0,device_39,Luxury,0
user_30,391.1781469923766,2026-03-04T15:39:06.019145,4.639210083607864,0.0,0.1,2024-06-10T15:39:06.019145,0,device_92,Crypto,0
user_42,462.391207216579,2026-03-04T16:09:22.019145,0.0765895292877572,0.0,0.1,2023-09-04T16:09:22.019145,0,device_59,Travel,0
user_13,257.0532003951464,2026-03-04T15:31:56.019145,1.8908923197942473,0.0,0.1,2024-01-10T15:31:56.019145,0,device_42,Dining,0
user_4,280.07024533985367,2026-03-04T15:44:54.019145,0.3967540714245865,0.0,0.1,2024-05-18T15:44:54.019145,0,device_5,Electronics,0
user_0,347.50689012260375,2026-03-04T16:18:14.019145,3.5610851837109307,0.0,0.1,2023-12-22T16:18:14.019145,0,device_69,Dining,0
user_5,190.3396835466614,2026-03-04T16:00:06.019145,2.5057331810508026,0.0,0.1,2023-11-04T16:00:06.019145,0,device_84,Crypto,0
user_17,117.96665595902456,2026-03-04T16:00:51.019145,2.289260097161669,0.0,0.1,2025-08-20T16:00:51.019145,0,device_14,Grocery,0
user_12,142.51178241864372,2026-03-04T15:57:34.019145,3.4490744033205143,0.0,0.1,2025-03-06T15:57:34.019145,0,device_25,Travel,0
user_43,274.88895445155146,2026-03-04T15:38:41.019145,0.061554349261187524,0.0,0.1,2025-02-26T15:38:41.019145,0,device_37,Dining,0
user_42,229.86159929103184,2026-03-04T16:04:14.019145,3.506870340374191,0.0,0.1,2023-08-19T16:04:14.019145,0,device_11,Travel,0
user_0,274.95844084814337,2026-03-04T16:10:07.019145,0.04076993872628609,0.0,0.1,2024-05-28T16:10:07.019145,0,device_40,Crypto,0
user_3,148.89014076361823,2026-03-04T16:03:50.019145,0.5148808397175486,0.0,0.1,2025-06-05T16:03:50.019145,0,device_69,Electronics,0
user_30,172.9313658879969,2026-03-04T15:34:57.019145,2.9248979867299694,0.0,0.1,2025-04-14T15:34:57.019145,0,device_9,Dining,0
user_44,178.32977843756245,2026-03-04T15:57:53.019145,1.6100266425531768,0.0,0.1,2025-06-05T15:57:53.019145,0,device_97,Crypto,0
user_0,126.02446726885086,2026-03-04T16:21:18.019145,3.422883969985498,0.0,0.1,2023-11-17T16:21:18.019145,0,device_17,Luxury,0
user_6,357.82727569609335,2026-03-04T15:28:39.019145,0.4535557718183081,0.0,0.1,2025-08-17T15:28:39.019145,0,device_23,Electronics,0
user_48,248.77370282548614,2026-03-04T16:08:46.019145,0.39916966454378977,0.0,0.1,2024-03-01T16:08:46.019145,0,device_63,Electronics,0
user_33,478.43667593361357,2026-03-04T15:59:58.019145,3.9308926270812488,0.0,0.1,2025-04-05T15:59:58.019145,0,device_17,Dining,0
user_41,143.42739085484274,2026-03-04T15:40:01.019145,0.7807378302968881,0.0,0.1,2023-10-19T15:40:01.019145,0,device_71,Crypto,0
user_44,392.2013735073464,2026-03-04T15:48:14.019145,1.8589697793017634,0.0,0.1,2024-02-01T15:48:14.019145,0,device_21,Luxury,0
user_35,228.52790181136388,2026-03-04T16:22:17.019145,4.078626868989818,0.0,0.1,2024-04-17T16:22:17.019145,0,device_39,Crypto,0
user_14,375.37733205168155,2026-03-04T15:45:59.019145,3.7929322594304553,0.0,0.1,2025-01-26T15:45:59.019145,0,device_59,Grocery,0
user_5,159.77957216542177,2026-03-04T16:05:37.019145,4.731425656599768,0.0,0.1,2023-09-22T16:05:37.019145,0,device_13,Grocery,0
user_21,437.67465613683885,2026-03-04T15:58:59.019145,2.699622174235701,0.0,0.1,2024-08-24T15:58:59.019145,0,device_64,Electronics,0
user_45,203.0803689828717,2026-03-04T16:06:21.019145,1.9817382791077631,0.0,0.1,2024-11-26T16:06:21.019145,0,device_87,Electronics,0
user_16,271.23083468478205,2026-03-04T15:35:59.019145,4.9937735081260985,0.0,0.1,2024-02-18T15:35:59.019145,0,device_71,Dining,0
user_28,69.50339657442257,2026-03-04T15:44:00.019145,2.5135834152224867,0.0,0.1,2025-08-27T15:44:00.019145,0,device_91,Travel,0
user_34,466.34037048521776,2026-03-04T16:12:51.019145,4.557511635829874,0.0,0.1,2023-06-11T16:12:51.019145,0,device_79,Crypto,0
user_39,366.01313606540026,2026-03-04T16:02:13.019145,1.6045206295424657,0.0,0.1,2025-03-28T16:02:13.019145,0,device_93,Luxury,0
user_24,266.8477653886358,2026-03-04T15:49:18.019145,4.118245127000836,0.0,0.1,2024-04-11T15:49:18.019145,0,device_78,Grocery,0
user_21,279.0156855514032,2026-03-04T15:44:20.019145,3.183282834937337,0.0,0.1,2025-07-27T15:44:20.019145,0,device_97,Grocery,0
user_39,93.27059807935939,2026-03-04T16:09:04.019145,0.9350180089047139,0.0,0.1,2025-04-06T16:09:04.019145,0,device_25,Electronics,0
user_40,335.79216861210836,2026-03-04T16:11:50.019145,4.876069525698284,0.0,0.1,2023-07-14T16:11:50.019145,0,device_29,Travel,0
user_47,69.71439837472866,2026-03-04T15:49:05.019145,2.749182013891207,0.0,0.1,2023-12-13T15:49:05.019145,0,device_33,Electronics,0
user_10,72.41167779555562,2026-03-04T16:22:43.019145,0.31967651215230375,0.0,0.1,2025-09-16T16:22:43.019145,0,device_16,Grocery,0
user_1,360.8061451466244,2026-03-04T16:18:10.019145,0.5728255549455619,0.0,0.1,2025-04-23T16:18:10.019145,0,device_1,Grocery,0
user_13,439.92697526086766,2026-03-04T15:49:56.019145,2.541572505195797,0.0,0.1,2024-10-24T15:49:56.019145,0,device_71,Luxury,0
user_46,103.18766535915799,2026-03-04T15:53:37.019145,0.6523798686448562,0.0,0.1,2024-07-02T15:53:37.019145,0,device_41,Electronics,0
user_25,190.8331317791977,2026-03-04T15:56:37.019145,0.4109366978507478,0.0,0.1,2024-11-14T15:56:37.019145,0,device_51,Crypto,0
user_48,295.27639740463326,2026-03-04T16:18:53.019145,1.7392128282107504,0.0,0.1,2024-09-30T16:18:53.019145,0,device_24,Grocery,0
user_38,458.7280436909402,2026-03-04T16:04:24.019145,1.4312946062571452,0.0,0.1,2024-11-26T16:04:24.019145,0,device_32,Crypto,0
user_18,301.88570960581853,2026-03-04T15:52:39.019145,2.811685508126617,0.0,0.1,2024-02-21T15:52:39.019145,0,device_74,Dining,0
user_42,315.9688967682909,2026-03-04T16:27:06.019145,1.2130099775360277,0.0,0.1,2024-07-13T16:27:06.019145,0,device_49,Travel,0
user_37,152.29351229718816,2026-03-04T15:30:24.019145,3.041451994526685,0.0,0.1,2025-02-24T15:30:24.019145,0,device_69,Travel,0
user_16,231.51982806481638,2026-03-04T16:20:04.019145,3.6986831509726787,0.0,0.1,2025-01-29T16:20:04.019145,0,device_28,Dining,0
user_10,234.57091132662953,2026-03-04T16:13:57.019145,3.719471543779101,0.0,0.1,2024-11-10T16:13:57.019145,0,device_0,Crypto,0
user_10,480.3581447934117,2026-03-04T16:24:24.019145,3.9670092444540463,0.0,0.1,2023-08-01T16:24:24.019145,0,device_90,Luxury,0
user_8,287.1784981230037,2026-03-04T15:49:55.019145,3.4547612787790305,0.0,0.1,2025-06-27T15:49:55.019145,0,device_28,Crypto,0
user_13,370.51890711122223,2026-03-04T16:23:52.019145,4.1667005896254805,0.0,0.1,2025-05-24T16:23:52.019145,0,device_28,Grocery,0
user_45,497.5899792419706,2026-03-04T15:44:32.019145,3.5064878993291098,0.0,0.1,2023-07-26T15:44:32.019145,0,device_86,Grocery,0
user_43,154.37605834323608,2026-03-04T15:58:53.019145,0.2603787645625111,0.0,0.1,2025-09-15T15:58:53.019145,0,device_63,Electronics,0
user_14,169.73826459202394,2026-03-04T16:07:02.019145,0.7083045969718016,0.0,0.1,2023-11-22T16:07:02.019145,0,device_40,Dining,0
user_7,78.43670059852029,2026-03-04T16:20:11.019145,4.645108901353085,0.0,0.1,2024-10-15T16:20:11.019145,0,device_82,Travel,0
user_5,128.10509469114697,2026-03-04T16:01:23.019145,3.245939299732637,0.0,0.1,2024-12-26T16:01:23.019145,0,device_64,Travel,0
user_27,458.98050488078985,2026-03-04T16:20:46.019145,3.1414782329161035,0.0,0.1,2023-07-28T16:20:46.019145,0,device_20,Electronics,0
user_15,191.51144479309113,2026-03-04T15:49:00.019145,1.8885323914315029,0.0,0.1,2024-05-19T15:49:00.019145,0,device_68,Travel,0
user_37,368.45195910975195,2026-03-04T16:14:08.019145,4.547302305344259,0.0,0.1,2024-08-18T16:14:08.019145,0,device_53,Electronics,0
user_44,163.8005206617019,2026-03-04T16:20:49.019145,4.494126092721558,0.0,0.1,2023-08-04T16:20:49.019145,0,device_0,Dining,0
user_48,121861.98262289201,2026-03-04T16:18:16.019145,218.02033841810402,0.7,0.6,2026-02-08T16:18:16.019145,0,device_41,Crypto,1
user_16,84260.55525750037,2026-03-04T15:43:51.019145,99.78912047807964,0.7,0.6,2025-10-31T15:43:51.019145,1,device_61,Electronics,1
user_23,108595.74380283887,2026-03-04T15:41:55.019145,217.49081606328426,0.7,0.6,2025-10-17T15:41:55.019145,1,device_31,Crypto,1
user_1,90687.34948248525,2026-03-04T15:27:54.019145,436.52942576290945,0.7,0.6,2025-12-04T15:27:54.019145,1,device_46,Luxury,1
user_15,126594.54387701143,2026-03-04T16:04:30.019145,421.5766188489013,0.7,0.6,2026-02-23T16:04:30.019145,1,device_96,Crypto,1
user_27,126316.7420133523,2026-03-04T15:29:39.019145,449.77255138376796,0.7,0.6,2026-01-03T15:29:39.019145,1,device_19,Electronics,1
user_45,107370.17087829106,2026-03-04T15:41:21.019145,171.5888996203264,0.7,0.6,2025-08-26T15:41:21.019145,0,device_93,Luxury,1
user_22,10026.390036723626,2026-03-04T15:30:00.019145,341.74217343720863,0.7,0.6,2025-10-15T15:30:00.019145,1,device_3,Crypto,1
user_49,122685.33586310616,2026-03-04T16:17:16.019145,318.78916290070714,0.7,0.6,2026-01-02T16:17:16.019145,1,device_83,Electronics,1
user_29,136664.08175521248,2026-03-04T16:03:32.019145,214.50493319786102,0.7,0.6,2025-11-15T16:03:32.019145,1,device_64,Luxury,1
user_38,46320.901280336526,2026-03-04T15:56:10.019145,218.98112122670824,0.7,0.6,2026-01-03T15:56:10.019145,0,device_62,Luxury,1
user_42,97520.77669934649,2026-03-04T16:20:34.019145,457.88686312260535,0.7,0.6,2025-08-16T16:20:34.019145,1,device_44,Luxury,1
user_26,27721.475867115685,2026-03-04T16:11:41.019145,313.37376807460123,0.7,0.6,2025-09-09T16:11:41.019145,0,device_14,Luxury,1
user_30,103299.51246567523,2026-03-04T16:22:58.019145,343.33862165860023,0.7,0.6,2025-10-26T16:22:58.019145,1,device_46,Crypto,1
user_27,18567.13036340714,2026-03-04T16:12:09.019145,151.2552632300787,0.7,0.6,2025-11-27T16:12:09.019145,1,device_51,Luxury,1
user_15,48302.540929522875,2026-03-04T15:55:48.019145,413.6321932870146,0.7,0.6,2026-02-04T15:55:48.019145,1,device_1,Electronics,1
user_25,74171.61492658255,2026-03-04T16:20:16.019145,142.62748595167966,0.7,0.6,2025-09-17T16:20:16.019145,1,device_95,Crypto,1
user_21,72928.43746818461,2026-03-04T16:07:27.019145,230.33002937819015,0.7,0.6,2025-10-09T16:07:27.019145,1,device_94,Electronics,1
user_47,4070.7913525089048,2026-03-04T15:38:14.019145,364.53705165710636,0.7,0.6,2025-12-06T15:38:14.019145,1,device_46,Electronics,1
user_37,37004.263450540515,2026-03-04T15:58:34.019145,445.52679396949566,0.7,0.6,2025-11-19T15:58:34.019145,0,device_1,Electronics,1
user_3,129236.13843113427,2026-03-04T16:26:01.019145,69.03065303934513,0.7,0.6,2025-09-29T16:26:01.019145,0,device_62,Luxury,1
user_2,30314.506267038465,2026-03-04T16:06:25.019145,101.34150920029703,0.7,0.6,2025-08-16T16:06:25.019145,0,device_68,Electronics,1
user_24,7017.251412467705,2026-03-04T16:02:56.019145,487.85495859669555,0.7,0.6,2025-12-29T16:02:56.019145,1,device_51,Luxury,1
user_21,63603.501954116655,2026-03-04T16:17:14.019145,451.0949297122785,0.7,0.6,2025-08-25T16:17:14.019145,1,device_29,Luxury,1
user_4,137737.9018600965,2026-03-04T16:12:35.019145,479.56485349387214,0.7,0.6,2026-02-09T16:12:35.019145,1,device_68,Crypto,1
user_4,81694.15360119035,2026-03-04T15:32:53.019145,40.454346235383326,0.7,0.6,2026-01-10T15:32:53.019145,1,device_86,Electronics,1
user_1,133807.89461650787,2026-03-04T16:23:59.019145,379.91258022082707,0.7,0.6,2025-09-06T16:23:59.019145,0,device_49,Luxury,1
user_24,94414.7006232235,2026-03-04T16:18:22.019145,341.39275152731653,0.7,0.6,2025-11-26T16:18:22.019145,0,device_80,Crypto,1
user_15,147746.66752767336,2026-03-04T15:49:20.019145,320.090112910337,0.7,0.6,2025-10-13T15:49:20.019145,1,device_96,Crypto,1
user_45,69351.2727106548,2026-03-04T15:47:51.019145,436.26410639513335,0.7,0.6,2025-09-30T15:47:51.019145,1,device_88,Luxury,1
user_28,56211.04723468857,2026-03-04T15:36:16.019145,20.056277450348503,0.7,0.6,2025-11-24T15:36:16.019145,0,device_96,Luxury,1
user_23,1195.9753826805934,2026-03-04T15:57:57.019145,125.65821188803676,0.7,0.6,2025-11-15T15:57:57.019145,1,device_54,Crypto,1
user_40,84949.5453202984,2026-03-04T15:35:34.019145,481.7918910058235,0.7,0.6,2025-12-22T15:35:34.019145,1,device_24,Luxury,1
user_8,60058.656151271294,2026-03-04T15:35:14.019145,346.78248897897055,0.7,0.6,2026-01-10T15:35:14.019145,0,device_42,Crypto,1
user_1,26692.08633286981,2026-03-04T16:17:56.019145,190.06026818240264,0.7,0.6,2025-10-10T16:17:56.019145,1,device_87,Electronics,1
user_37,52018.25640325201,2026-03-04T15:49:35.019145,146.27785931292692,0.7,0.6,2025-12-30T15:49:35.019145,1,device_32,Luxury,1
user_24,116507.67518640931,2026-03-04T15:27:42.019145,233.61562017379893,0.7,0.6,2025-10-05T15:27:42.019145,0,device_85,Electronics,1
user_29,120298.64035196521,2026-03-04T15:32:20.019145,417.730631588034,0.7,0.6,2025-11-02T15:32:20.019145,1,device_9,Electronics,1
user_14,93762.35188665606,2026-03-04T15:56:53.019145,292.9813553387088,0.7,0.6,2026-01-01T15:56:53.019145,1,device_19,Luxury,1
user_22,128053.72423621039,2026-03-04T16:11:02.019145,282.94005282431084,0.7,0.6,2025-11-13T16:11:02.019145,1,device_23,Electronics,1
user_26,31105.079330449775,2026-03-04T16:22:01.019145,272.0203640877678,0.7,0.6,2025-11-13T16:22:01.019145,0,device_56,Electronics,1
user_23,143468.46330749546,2026-03-04T16:05:56.019145,478.7664145418173,0.7,0.6,2025-11-27T16:05:56.019145,1,device_60,Luxury,1
user_37,11984.239951367728,2026-03-04T15:34:30.019145,209.28440390060956,0.7,0.6,2025-08-17T15:34:30.019145,1,device_93,Luxury,1
user_47,74521.69271505246,2026-03-04T15:33:51.019145,215.86912408392044,0.7,0.6,2025-08-16T15:33:51.019145,1,device_95,Crypto,1
user_2,133094.41334437465,2026-03-04T15:57:23.019145,153.16488071213465,0.7,0.6,2025-11-16T15:57:23.019145,0,device_68,Electronics,1
user_46,134699.8308281781,2026-03-04T15:44:12.019145,449.6699634581403,0.7,0.6,2025-10-06T15:44:12.019145,1,device_30,Luxury,1
user_18,67197.30854811036,2026-03-04T15:56:00.019145,295.6362337234185,0.7,0.6,2026-01-15T15:56:00.019145,1,device_70,Luxury,1
user_20,107526.10582174498,2026-03-04T16:19:31.019145,110.30504964011868,0.7,0.6,2026-01-20T16:19:31.019145,0,device_84,Luxury,1
user_43,53619.21999840125,2026-03-04T15:35:30.019145,291.00148433317645,0.7,0.6,2026-02-14T15:35:30.019145,1,device_80,Electronics,1
user_0,128381.19886640005,2026-03-04T16:13:52.019145,184.98213457925434,0.7,0.6,2025-08-22T16:13:52.019145,1,device_19,Luxury,1
user_8,18604.213480127695,2026-03-04T15:43:12.019145,396.26393349774634,0.7,0.6,2025-12-10T15:43:12.019145,0,device_4,Electronics,1
user_44,95680.72698402629,2026-03-04T16:13:09.019145,223.44716619552895,0.7,0.6,2026-02-20T16:13:09.019145,1,device_20,Crypto,1
user_20,46517.06565187573,2026-03-04T16:26:29.019145,288.34333687845816,0.7,0.6,2025-12-17T16:26:29.019145,0,device_2,Luxury,1
user_10,124218.18617367113,2026-03-04T16:17:09.019145,377.8655991772307,0.7,0.6,2025-09-20T16:17:09.019145,1,device_53,Electronics,1
user_3,92800.16894094626,2026-03-04T16:00:10.019145,489.5300259892147,0.7,0.6,2025-10-21T16:00:10.019145,0,device_50,Crypto,1
user_19,79137.21232469355,2026-03-04T15:49:24.019145,382.29754247900945,0.7,0.6,2025-09-08T15:49:24.019145,0,device_25,Electronics,1
user_32,109952.74229801753,2026-03-04T15:35:59.019145,87.32427597099067,0.7,0.6,2026-03-02T15:35:59.019145,1,device_1,Luxury,1
user_21,45128.56960164441,2026-03-04T16:04:40.019145,86.59333322711923,0.7,0.6,2026-02-02T16:04:40.019145,0,device_81,Crypto,1
user_32,145694.66368973107,2026-03-04T15:59:47.019145,45.92588467218525,0.7,0.6,2025-12-06T15:59:47.019145,1,device_6,Crypto,1
user_9,131887.34360317275,2026-03-04T15:35:58.019145,225.29293050988755,0.7,0.6,2025-10-08T15:35:58.019145,1,device_73,Crypto,1
user_3,60910.08729211822,2026-03-04T16:05:31.019145,65.20888206025415,0.7,0.6,2026-01-23T16:05:31.019145,1,device_45,Crypto,1
user_25,26500.040266787288,2026-03-04T15:29:58.019145,487.0969727334944,0.7,0.6,2026-01-22T15:29:58.019145,1,device_58,Crypto,1
user_34,121542.77601435654,2026-03-04T16:16:25.019145,425.7760065028485,0.7,0.6,2025-12-08T16:16:25.019145,0,device_30,Crypto,1
user_26,130771.01063269001,2026-03-04T15:49:08.019145,243.95833995920063,0.7,0.6,2025-09-02T15:49:08.019145,1,device_26,Luxury,1
user_5,45718.25495764352,2026-03-04T15:33:47.019145,338.15443015756034,0.7,0.6,2025-09-05T15:33:47.019145,1,device_50,Luxury,1
user_13,46222.77836565315,2026-03-04T16:24:53.019145,313.0096988250621,0.7,0.6,2025-08-30T16:24:53.019145,0,device_4,Electronics,1
user_9,109735.2421855781,2026-03-04T16:00:26.019145,332.2396646553441,0.7,0.6,2025-11-10T16:00:26.019145,1,device_47,Luxury,1
user_33,12916.17182541896,2026-03-04T15:36:47.019145,48.67107647345563,0.7,0.6,2025-11-09T15:36:47.019145,0,device_3,Electronics,1
user_36,34353.00360923057,2026-03-04T15:50:47.019145,349.380935850233,0.7,0.6,2026-02-21T15:50:47.019145,1,device_94,Electronics,1
user_3,127951.04873863731,2026-03-04T16:24:11.019145,89.68495728153385,0.7,0.6,2025-10-26T16:24:11.019145,0,device_13,Electronics,1
user_42,42870.507385610515,2026-03-04T15:34:19.019145,231.2322710929363,0.7,0.6,2026-02-05T15:34:19.019145,0,device_69,Luxury,1
user_22,125206.53988378633,2026-03-04T16:20:22.019145,382.877074420433,0.7,0.6,2026-02-11T16:20:22.019145,0,device_83,Crypto,1
user_31,76701.17176558817,2026-03-04T16:12:31.019145,64.3414945278806,0.7,0.6,2025-10-15T16:12:31.019145,1,device_29,Electronics,1
user_40,35715.844751127755,2026-03-04T16:06:12.019145,434.219839748501,0.7,0.6,2026-02-24T16:06:12.019145,0,device_94,Luxury,1
user_34,98815.80524241138,2026-03-04T16:04:29.019145,472.1845397830379,0.7,0.6,2025-10-08T16:04:29.019145,0,device_10,Electronics,1
user_3,36172.72206914114,2026-03-04T15:51:24.019145,199.18037032829753,0.7,0.6,2026-02-10T15:51:24.019145,1,device_94,Luxury,1
user_23,5050.793664137735,2026-03-04T16:07:25.019145,491.5594441850567,0.7,0.6,2025-09-27T16:07:25.019145,1,device_50,Luxury,1
user_21,28197.231981460536,2026-03-04T15:53:04.019145,449.04043128769956,0.7,0.6,2025-10-10T15:53:04.019145,1,device_40,Electronics,1
user_31,3823.5439174576204,2026-03-04T16:03:22.019145,199.0844222254672,0.7,0.6,2025-10-27T16:03:22.019145,1,device_81,Crypto,1
user_28,63509.92129851071,2026-03-04T16:06:39.019145,82.17335763836434,0.7,0.6,2025-08-25T16:06:39.019145,0,device_88,Electronics,1
user_9,8150.233035173931,2026-03-04T16:23:48.019145,440.0932780740257,0.7,0.6,2025-09-19T16:23:48.019145,1,device_19,Luxury,1
user_39,12888.219005660596,2026-03-04T15:28:08.019145,67.95017862811883,0.7,0.6,2025-11-30T15:28:08.019145,1,device_42,Electronics,1
user_41,72150.15569234619,2026-03-04T16:12:49.019145,492.8802469314499,0.7,0.6,2025-11-03T16:12:49.019145,1,device_52,Electronics,1
user_43,13230.652815748665,2026-03-04T16:23:11.019145,114.11991908935394,0.7,0.6,2025-12-23T16:23:11.019145,0,device_13,Crypto,1
user_38,39042.00887248221,2026-03-04T16:03:39.019145,36.38652328501305,0.7,0.6,2025-12-23T16:03:39.019145,1,device_63,Electronics,1
user_32,115706.34679321304,2026-03-04T15:40:12.019145,438.9482015529311,0.7,0.6,2025-09-01T15:40:12.019145,0,device_5,Crypto,1
user_30,60649.36961688937,2026-03-04T16:13:19.019145,167.6574537129473,0.7,0.6,2025-11-05T16:13:19.019145,1,device_43,Electronics,1
user_41,140325.75528074472,2026-03-04T16:07:09.019145,258.974577094793,0.7,0.6,2025-08-26T16:07:09.019145,1,device_16,Crypto,1
user_23,16147.700355085171,2026-03-04T16:21:15.019145,426.42331278784815,0.7,0.6,2025-12-28T16:21:15.019145,0,device_69,Luxury,1
user_1,102600.84328153766,2026-03-04T16:17:36.019145,421.7862358736151,0.7,0.6,2025-11-08T16:17:36.019145,1,device_58,Electronics,1
user_13,114915.53988226289,2026-03-04T16:00:53.019145,189.38575972874506,0.7,0.6,2025-08-25T16:00:53.019145,1,device_49,Crypto,1
user_46,137598.8314169283,2026-03-04T16:05:48.019145,137.2944408431377,0.7,0.6,2025-12-18T16:05:48.019145,0,device_28,Crypto,1
user_43,5676.789281037296,2026-03-04T15:27:17.019145,73.60458695751213,0.7,0.6,2025-10-28T15:27:17.019145,0,device_90,Crypto,1
user_40,68291.6788565288,2026-03-04T16:03:38.019145,73.29426498418727,0.7,0.6,2025-10-09T16:03:38.019145,0,device_66,Crypto,1
user_47,111036.53176373588,2026-03-04T16:16:33.019145,149.52304717836597,0.7,0.6,2025-08-20T16:16:33.019145,1,device_96,Electronics,1
user_37,110551.10731032753,2026-03-04T15:57:18.019145,39.880777146738794,0.7,0.6,2026-01-07T15:57:18.019145,0,device_65,Electronics,1
user_22,136828.7768195359,2026-03-04T15:30:32.019145,106.05505052956259,0.7,0.6,2026-03-02T15:30:32.019145,0,device_42,Crypto,1
user_22,20436.90669529175,2026-03-04T15:57:37.019145,445.398187240941,0.7,0.6,2025-08-28T15:57:37.019145,0,device_22,Electronics,1
user_7,6997.834189930643,2026-03-04T16:04:28.019145,263.328127659036,0.7,0.6,2026-01-19T16:04:28.019145,0,device_5,Luxury,1
user_49,31736.126628472648,2026-03-04T15:31:32.019145,474.5290339261898,0.7,0.6,2025-10-13T15:31:32.019145,0,device_96,Luxury,1
